PRAGMA foreign_keys = off;
BEGIN TRANSACTION;

INSERT INTO COMPETICAO (idCompeticao, nome, dataInicio, dataFim, vencedor) VALUES (7777, 'Copa Libertadores da America 2011', '25/01/2011', '22/06/2011', 210);

INSERT INTO PRE (idPreEli, dataInicio, dataFim) VALUES (6767, "25/01/2011", "03/02/2011");

INSERT INTO ELIMINATORIAS (idEli, dataInicio, dataFim) VALUES (6969, "26/04/2011", "22/06/2011");

INSERT INTO FGRUPOS (idFG, dataInicio, dataFim) VALUES (9999, "09/02/2011", "20/04/2011");

INSERT INTO CLUBE (idClube, equipa, nome, pais) VALUES (101, 201, "AA Argentina Juniors", "Argentina");
INSERT INTO CLUBE (idClube, equipa, nome, pais) VALUES (102, 202, "Club Estudiantes de La Plata", "Argentina");
INSERT INTO CLUBE (idClube, equipa, nome, pais) VALUES (103, 203, "CA Velez Sarsfield", "Argentina");
INSERT INTO CLUBE (idClube, equipa, nome, pais) VALUES (104, 204, "CD Godoy Cruz Antonio Tomba", "Argentina");
INSERT INTO CLUBE (idClube, equipa, nome, pais) VALUES (105, 205, "CA Independiente", "Argentina");
INSERT INTO CLUBE (idClube, equipa, nome, pais) VALUES (106, 206, "CD Jorge Wilstermann", "Bolivia");
INSERT INTO CLUBE (idClube, equipa, nome, pais) VALUES (107, 207, "CD Oriente Petrolero", "Bolivia");
INSERT INTO CLUBE (idClube, equipa, nome, pais) VALUES (108, 208, "FC Bolivar da Bolivia", "Bolivia");
INSERT INTO CLUBE (idClube, equipa, nome, pais) VALUES (109, 209, "SC Internacional", "Brasil");
INSERT INTO CLUBE (idClube, equipa, nome, pais) VALUES (110, 210, "Santos FC", "Brasil");
INSERT INTO CLUBE (idClube, equipa, nome, pais) VALUES (111, 211, "Fluminense FC", "Brasil");
INSERT INTO CLUBE (idClube, equipa, nome, pais) VALUES (112, 212, "Cruzeiro EC", "Brasil");
INSERT INTO CLUBE (idClube, equipa, nome, pais) VALUES (113, 213, "SC Corinthians Paulista", "Brasil");
INSERT INTO CLUBE (idClube, equipa, nome, pais) VALUES (114, 214, "Gremio FootBall Porto Alegrense", "Brasil");
INSERT INTO CLUBE (idClube, equipa, nome, pais) VALUES (115, 215, "CD Universidad Catolica", "Chile");
INSERT INTO CLUBE (idClube, equipa, nome, pais) VALUES (116, 216, "CSD ColoColo", "Chile");
INSERT INTO CLUBE (idClube, equipa, nome, pais) VALUES (117, 217, "Union Espanola", "Chile");
INSERT INTO CLUBE (idClube, equipa, nome, pais) VALUES (118, 218, "CD Popular Junior Futbol Club SA", "Colombia");
INSERT INTO CLUBE (idClube, equipa, nome, pais) VALUES (119, 219, "Once Caldas SA", "Colombia");
INSERT INTO CLUBE (idClube, equipa, nome, pais) VALUES (120, 220, "CD Tolima", "Colombia");
INSERT INTO CLUBE (idClube, equipa, nome, pais) VALUES (121, 221, "Liga Deportiva Universitaria", "Equador");
INSERT INTO CLUBE (idClube, equipa, nome, pais) VALUES (122, 222, "CS Emelec", "Equador");
INSERT INTO CLUBE (idClube, equipa, nome, pais) VALUES (123, 223, "SD Quito", "Equador");
INSERT INTO CLUBE (idClube, equipa, nome, pais) VALUES (124, 224, "Club Libertad", "Paraguai");
INSERT INTO CLUBE (idClube, equipa, nome, pais) VALUES (125, 225, "Club Guarani", "Paraguai");
INSERT INTO CLUBE (idClube, equipa, nome, pais) VALUES (126, 226, "Club Cerro Porteno", "Paraguai");
INSERT INTO CLUBE (idClube, equipa, nome, pais) VALUES (127, 227, "CD Universidad de San Martin de Porres", "Peru");
INSERT INTO CLUBE (idClube, equipa, nome, pais) VALUES (128, 228, "Leon de Huanuco", "Peru");
INSERT INTO CLUBE (idClube, equipa, nome, pais) VALUES (129, 229, "Clube Alianza Lima", "Peru");
INSERT INTO CLUBE (idClube, equipa, nome, pais) VALUES (130, 230, "CA Penarol", "Uruguai");
INSERT INTO CLUBE (idClube, equipa, nome, pais) VALUES (131, 231, "Club Nacional de Football", "Uruguai");
INSERT INTO CLUBE (idClube, equipa, nome, pais) VALUES (132, 232, "Liverpool Futbol Club", "Uruguai");
INSERT INTO CLUBE (idClube, equipa, nome, pais) VALUES (133, 233, "Caracas FC", "Venezuela");
INSERT INTO CLUBE (idClube, equipa, nome, pais) VALUES (134, 234, "Deportivo Tachira FC", "Venezuela");
INSERT INTO CLUBE (idClube, equipa, nome, pais) VALUES (135, 235, "Petare Futbol Club", "Venezuela");
INSERT INTO CLUBE (idClube, equipa, nome, pais) VALUES (136, 236, "CF America", "Mexico");
INSERT INTO CLUBE (idClube, equipa, nome, pais) VALUES (137, 237, "San Luis FC", "Mexico");
INSERT INTO CLUBE (idClube, equipa, nome, pais) VALUES (138, 238, "CF Jaguares de Chiapas", "Mexico");
INSERT INTO CLUBE (idClube, equipa, nome, pais) VALUES (191919, 000, "Empate", "xxx");

INSERT INTO EQUIPA (idEquipa, capacidade, nome, clube) VALUES (201, 21, "Argentina Juniors", 101);
INSERT INTO EQUIPA (idEquipa, capacidade, nome, clube) VALUES (202, 21, "Estudiantes", 102);
INSERT INTO EQUIPA (idEquipa, capacidade, nome, clube) VALUES (203, 21, "Velez Sarsfield", 103);
INSERT INTO EQUIPA (idEquipa, capacidade, nome, clube) VALUES (204, 21, "Godoy Cruz", 104);
INSERT INTO EQUIPA (idEquipa, capacidade, nome, clube) VALUES (205, 21, "Independiente", 105);
INSERT INTO EQUIPA (idEquipa, capacidade, nome, clube) VALUES (206, 21, "Jorge Wilstermann", 106);
INSERT INTO EQUIPA (idEquipa, capacidade, nome, clube) VALUES (207, 21, "Oriente Petrolero", 107);
INSERT INTO EQUIPA (idEquipa, capacidade, nome, clube) VALUES (208, 21, "Bolivar", 108);
INSERT INTO EQUIPA (idEquipa, capacidade, nome, clube) VALUES (209, 21, "Internacional", 109);
INSERT INTO EQUIPA (idEquipa, capacidade, nome, clube) VALUES (210, 21, "Santos", 110);
INSERT INTO EQUIPA (idEquipa, capacidade, nome, clube) VALUES (211, 21, "Fluminense", 111);
INSERT INTO EQUIPA (idEquipa, capacidade, nome, clube) VALUES (212, 21, "Cruzeiro", 112);
INSERT INTO EQUIPA (idEquipa, capacidade, nome, clube) VALUES (213, 21, "Corinthians", 113);
INSERT INTO EQUIPA (idEquipa, capacidade, nome, clube) VALUES (214, 21, "Gremio", 114);
INSERT INTO EQUIPA (idEquipa, capacidade, nome, clube) VALUES (215, 21, "Universidad Catolica", 115);
INSERT INTO EQUIPA (idEquipa, capacidade, nome, clube) VALUES (216, 21, "ColoColo", 116);
INSERT INTO EQUIPA (idEquipa, capacidade, nome, clube) VALUES (217, 21, "Union Espanola", 117);
INSERT INTO EQUIPA (idEquipa, capacidade, nome, clube) VALUES (218, 21, "Junior Barranquilla", 118);
INSERT INTO EQUIPA (idEquipa, capacidade, nome, clube) VALUES (219, 21, "Once Caldas", 119);
INSERT INTO EQUIPA (idEquipa, capacidade, nome, clube) VALUES (220, 21, "Tolima", 120);
INSERT INTO EQUIPA (idEquipa, capacidade, nome, clube) VALUES (221, 21, "LDU Quito", 121);
INSERT INTO EQUIPA (idEquipa, capacidade, nome, clube) VALUES (222, 21, "Emelec", 122);
INSERT INTO EQUIPA (idEquipa, capacidade, nome, clube) VALUES (223, 21, "Deportivo Quito", 123);
INSERT INTO EQUIPA (idEquipa, capacidade, nome, clube) VALUES (224, 21, "Libertad", 124);
INSERT INTO EQUIPA (idEquipa, capacidade, nome, clube) VALUES (225, 21, "Guarani", 125);
INSERT INTO EQUIPA (idEquipa, capacidade, nome, clube) VALUES (226, 21, "Cerro Porteno", 126);
INSERT INTO EQUIPA (idEquipa, capacidade, nome, clube) VALUES (227, 21, "Universidad San Martin", 127);
INSERT INTO EQUIPA (idEquipa, capacidade, nome, clube) VALUES (228, 21, "Leon de Huanuco", 128);
INSERT INTO EQUIPA (idEquipa, capacidade, nome, clube) VALUES (229, 21, "Alianza Lima", 129);
INSERT INTO EQUIPA (idEquipa, capacidade, nome, clube) VALUES (230, 21, "Penarol", 130);
INSERT INTO EQUIPA (idEquipa, capacidade, nome, clube) VALUES (231, 21, "Nacional", 131);
INSERT INTO EQUIPA (idEquipa, capacidade, nome, clube) VALUES (232, 21, "Liverpool", 132);
INSERT INTO EQUIPA (idEquipa, capacidade, nome, clube) VALUES (233, 21, "Caracas", 133);
INSERT INTO EQUIPA (idEquipa, capacidade, nome, clube) VALUES (234, 21, "Deportivo Tachira", 134);
INSERT INTO EQUIPA (idEquipa, capacidade, nome, clube) VALUES (235, 21, "Deportivo Petare", 135);
INSERT INTO EQUIPA (idEquipa, capacidade, nome, clube) VALUES (236, 21, "America", 136);
INSERT INTO EQUIPA (idEquipa, capacidade, nome, clube) VALUES (237, 21, "San Luis", 137);
INSERT INTO EQUIPA (idEquipa, capacidade, nome, clube) VALUES (238, 21, "Jaguares", 138);
INSERT INTO EQUIPA (idEquipa, capacidade, nome, clube) VALUES (000, 21, "Empate", 191919);

INSERT INTO ESTADIO (idEstadio, nome, local) VALUES (01, "Estadio Diego Armando Maradona", "Argentina");
INSERT INTO ESTADIO (idEstadio, nome, local) VALUES (02, "Estadio Estudiantes", "Argentina");
INSERT INTO ESTADIO (idEstadio, nome, local) VALUES (03, "Estadio Velez Sarsfield", "Argentina");
INSERT INTO ESTADIO (idEstadio, nome, local) VALUES (04, "Estadio Godoy Cruz", "Argentina");
INSERT INTO ESTADIO (idEstadio, nome, local) VALUES (05, "Estadio Independiente", "Argentina");
INSERT INTO ESTADIO (idEstadio, nome, local) VALUES (06, "Estadio Jorge Wilstermann", "Bolivia");
INSERT INTO ESTADIO (idEstadio, nome, local) VALUES (07, "Estadio Oriente Petrolero", "Bolivia");
INSERT INTO ESTADIO (idEstadio, nome, local) VALUES (08, "Estadio Bolivar", "Bolivia");
INSERT INTO ESTADIO (idEstadio, nome, local) VALUES (09, "Estadio Internacional", "Brasil");
INSERT INTO ESTADIO (idEstadio, nome, local) VALUES (10, "Estadio Santos", "Brasil");
INSERT INTO ESTADIO (idEstadio, nome, local) VALUES (11, "Estadio Fluminense", "Brasil");
INSERT INTO ESTADIO (idEstadio, nome, local) VALUES (12, "Estadio Cruzeiro", "Brasil");
INSERT INTO ESTADIO (idEstadio, nome, local) VALUES (13, "Estadio Corinthians", "Brasil");
INSERT INTO ESTADIO (idEstadio, nome, local) VALUES (14, "Estadio Gremio", "Brasil");
INSERT INTO ESTADIO (idEstadio, nome, local) VALUES (15, "Estadio Universidad Catolica","Chile");
INSERT INTO ESTADIO (idEstadio, nome, local) VALUES (16, "Estadio ColoColo","Chile");
INSERT INTO ESTADIO (idEstadio, nome, local) VALUES (17, "Estadio Union Espanola","Chile");
INSERT INTO ESTADIO (idEstadio, nome, local) VALUES (18, "Estadio Junior Barranquilla", "Colombia");
INSERT INTO ESTADIO (idEstadio, nome, local) VALUES (19, "Estadio Once Caldas", "Colombia");
INSERT INTO ESTADIO (idEstadio, nome, local) VALUES (20, "Estadio Tolima", "Colombia");
INSERT INTO ESTADIO (idEstadio, nome, local) VALUES (21, "Estadio LDU Quito", "Equador");
INSERT INTO ESTADIO (idEstadio, nome, local) VALUES (22, "Estadio Emelec", "Equador");
INSERT INTO ESTADIO (idEstadio, nome, local) VALUES (23, "Estadio Deportivo Quito", "Equador");
INSERT INTO ESTADIO (idEstadio, nome, local) VALUES (24, "Estadio Libertad", "Paraguai");
INSERT INTO ESTADIO (idEstadio, nome, local) VALUES (25, "Estadio Guarani", "Paraguai");
INSERT INTO ESTADIO (idEstadio, nome, local) VALUES (26, "Estadio Cerro Porteno", "Paraguai");
INSERT INTO ESTADIO (idEstadio, nome, local) VALUES (27, "Estadio Universidad San Martin", "Peru");
INSERT INTO ESTADIO (idEstadio, nome, local) VALUES (28, "Estadio Leon de Huanuco", "Peru");
INSERT INTO ESTADIO (idEstadio, nome, local) VALUES (29, "Estadio Alianza Lima", "Peru");
INSERT INTO ESTADIO (idEstadio, nome, local) VALUES (30, "Estadio Penarol", "Uruguai");
INSERT INTO ESTADIO (idEstadio, nome, local) VALUES (31, "Estadio Nacional", "Uruguai");
INSERT INTO ESTADIO (idEstadio, nome, local) VALUES (32, "Estadio Liverpool", "Uruguai");
INSERT INTO ESTADIO (idEstadio, nome, local) VALUES (33, "Estadio Caracas", "Venezuela");
INSERT INTO ESTADIO (idEstadio, nome, local) VALUES (34, "Estadio Deportivo Tachira", "Venezuela");
INSERT INTO ESTADIO (idEstadio, nome, local) VALUES (35, "Estadio Deportivo Petare", "Venezuela");
INSERT INTO ESTADIO (idEstadio, nome, local) VALUES (36, "Estadio America", "Mexico");
INSERT INTO ESTADIO (idEstadio, nome, local) VALUES (37, "Estadio San Luis", "Mexico");
INSERT INTO ESTADIO (idEstadio, nome, local) VALUES (38, "Estadio Jaguares", "Mexico");

INSERT INTO JOGADOR (idJogador, nome, nacionalidade, idade, equipa) VALUES (1001,'Richard Walter','Chile',24,201);
INSERT INTO JOGADOR (idJogador, nome, nacionalidade, idade, equipa) VALUES (1002,'Elmer Aidan','Colombia',24,201);
INSERT INTO JOGADOR (idJogador, nome, nacionalidade, idade, equipa) VALUES (1003,'Ross Carson','Argentina',21,201);
INSERT INTO JOGADOR (idJogador, nome, nacionalidade, idade, equipa) VALUES (1004,'Julio Nelson','Uruguai',19,201);
INSERT INTO JOGADOR (idJogador, nome, nacionalidade, idade, equipa) VALUES (1005,'Orville Terrell','Argentina',18,201);
INSERT INTO JOGADOR (idJogador, nome, nacionalidade, idade, equipa) VALUES (1006,'Brody Emmanue','Venezuela',23,201);
INSERT INTO JOGADOR (idJogador, nome, nacionalidade, idade, equipa) VALUES (1007,'Reginal Sterlin','Venezuela',24,201);
INSERT INTO JOGADOR (idJogador, nome, nacionalidade, idade, equipa) VALUES (1008,'Solomon Nathani','Uruguai',22,201);
INSERT INTO JOGADOR (idJogador, nome, nacionalidade, idade, equipa) VALUES (1009,'Earl Bernard','Argentina',19,201);
INSERT INTO JOGADOR (idJogador, nome, nacionalidade, idade, equipa) VALUES (1010,'Kody Nick','Venezuela',17,201);
INSERT INTO JOGADOR (idJogador, nome, nacionalidade, idade, equipa) VALUES (1011,'Bernard Reuben','Chile',22,201);
INSERT INTO JOGADOR (idJogador, nome, nacionalidade, idade, equipa) VALUES (1012,'Morgan Herbert','Peru',17,201);
INSERT INTO JOGADOR (idJogador, nome, nacionalidade, idade, equipa) VALUES (1013,'Marlon Avery','Bolivia',19,201);
INSERT INTO JOGADOR (idJogador, nome, nacionalidade, idade, equipa) VALUES (1014,'Pedro Rafael','Peru',16,201);
INSERT INTO JOGADOR (idJogador, nome, nacionalidade, idade, equipa) VALUES (1015,'Dwight Brett','Argentina',19,201);
INSERT INTO JOGADOR (idJogador, nome, nacionalidade, idade, equipa) VALUES (1016,'Owen Cecil','Venezuela',20,201);
INSERT INTO JOGADOR (idJogador, nome, nacionalidade, idade, equipa) VALUES (1017,'John Grant','Uruguai',24,201);
INSERT INTO JOGADOR (idJogador, nome, nacionalidade, idade, equipa) VALUES (1018,'Cameron Sterlin','Peru',17,201);
INSERT INTO JOGADOR (idJogador, nome, nacionalidade, idade, equipa) VALUES (1019,'Brenden George','Equador',20,201);
INSERT INTO JOGADOR (idJogador, nome, nacionalidade, idade, equipa) VALUES (1020,'Albert Jorge','Equador',25,201);
INSERT INTO JOGADOR (idJogador, nome, nacionalidade, idade, equipa) VALUES (1021,'Darnell Randy','Venezuela',17,201);
INSERT INTO JOGADOR (idJogador, nome, nacionalidade, idade, equipa) VALUES (1022,'Deandre Alberto','Equador',20,202);
INSERT INTO JOGADOR (idJogador, nome, nacionalidade, idade, equipa) VALUES (1023,'Roderic Beau','Peru',19,202);
INSERT INTO JOGADOR (idJogador, nome, nacionalidade, idade, equipa) VALUES (1024,'Riley Tristan','Brasil',22,202);
INSERT INTO JOGADOR (idJogador, nome, nacionalidade, idade, equipa) VALUES (1025,'Derrick Kendall','Peru',20,202);
INSERT INTO JOGADOR (idJogador, nome, nacionalidade, idade, equipa) VALUES (1026,'Floyd Cedric','Bolivia',24,202);
INSERT INTO JOGADOR (idJogador, nome, nacionalidade, idade, equipa) VALUES (1027,'Francis Davis','Uruguai',23,202);
INSERT INTO JOGADOR (idJogador, nome, nacionalidade, idade, equipa) VALUES (1028,'Jayden Stanley','Venezuela',17,202);
INSERT INTO JOGADOR (idJogador, nome, nacionalidade, idade, equipa) VALUES (1029,'Patrick Luther','Equador',24,202);
INSERT INTO JOGADOR (idJogador, nome, nacionalidade, idade, equipa) VALUES (1030,'Melvin Seth','Peru',18,202);
INSERT INTO JOGADOR (idJogador, nome, nacionalidade, idade, equipa) VALUES (1031,'Ian Jody','Colombia',24,202);
INSERT INTO JOGADOR (idJogador, nome, nacionalidade, idade, equipa) VALUES (1032,'Royce Marco','Chile',16,202);
INSERT INTO JOGADOR (idJogador, nome, nacionalidade, idade, equipa) VALUES (1033,'Lynn Kent','Brasil',21,202);
INSERT INTO JOGADOR (idJogador, nome, nacionalidade, idade, equipa) VALUES (1034,'Ramiro Kendric','Uruguai',17,202);
INSERT INTO JOGADOR (idJogador, nome, nacionalidade, idade, equipa) VALUES (1035,'Lonnie Kim','Bolivia',17,202);
INSERT INTO JOGADOR (idJogador, nome, nacionalidade, idade, equipa) VALUES (1036,'Fred Andres','Peru',23,202);
INSERT INTO JOGADOR (idJogador, nome, nacionalidade, idade, equipa) VALUES (1037,'Arturo Bill','Argentina',25,202);
INSERT INTO JOGADOR (idJogador, nome, nacionalidade, idade, equipa) VALUES (1038,'Brenden Dakota','Brasil',24,202);
INSERT INTO JOGADOR (idJogador, nome, nacionalidade, idade, equipa) VALUES (1039,'Alberto Timmy','Colombia',19,202);
INSERT INTO JOGADOR (idJogador, nome, nacionalidade, idade, equipa) VALUES (1040,'Stewart Ian','Equador',22,202);
INSERT INTO JOGADOR (idJogador, nome, nacionalidade, idade, equipa) VALUES (1041,'Ricardo Lynn','Chile',16,202);
INSERT INTO JOGADOR (idJogador, nome, nacionalidade, idade, equipa) VALUES (1042,'Clayton Omar','Argentina',20,202);
INSERT INTO JOGADOR (idJogador, nome, nacionalidade, idade, equipa) VALUES (1043,'Payton Alfred','Paraguai',20,203);
INSERT INTO JOGADOR (idJogador, nome, nacionalidade, idade, equipa) VALUES (1044,'Roberto Steve','Colombia',16,203);
INSERT INTO JOGADOR (idJogador, nome, nacionalidade, idade, equipa) VALUES (1045,'Axel Arthur','Chile',23,203);
INSERT INTO JOGADOR (idJogador, nome, nacionalidade, idade, equipa) VALUES (1046,'Garland Ervin','Brasil',25,203);
INSERT INTO JOGADOR (idJogador, nome, nacionalidade, idade, equipa) VALUES (1047,'Clint Jon','Paraguai',21,203);
INSERT INTO JOGADOR (idJogador, nome, nacionalidade, idade, equipa) VALUES (1048,'Clay Cayden','Colombia',24,203);
INSERT INTO JOGADOR (idJogador, nome, nacionalidade, idade, equipa) VALUES (1049,'Nathani Harley','Equador',20,203);
INSERT INTO JOGADOR (idJogador, nome, nacionalidade, idade, equipa) VALUES (1050,'Melvin Leonard','Venezuela',18,203);
INSERT INTO JOGADOR (idJogador, nome, nacionalidade, idade, equipa) VALUES (1051,'Ed Leon','Peru',22,203);
INSERT INTO JOGADOR (idJogador, nome, nacionalidade, idade, equipa) VALUES (1052,'Lincoln Anthony','Bolivia',19,203);
INSERT INTO JOGADOR (idJogador, nome, nacionalidade, idade, equipa) VALUES (1053,'Roger Malcolm','Chile',23,203);
INSERT INTO JOGADOR (idJogador, nome, nacionalidade, idade, equipa) VALUES (1054,'Marshal Israel','Brasil',17,203);
INSERT INTO JOGADOR (idJogador, nome, nacionalidade, idade, equipa) VALUES (1055,'Quinton Darren','Bolivia',21,203);
INSERT INTO JOGADOR (idJogador, nome, nacionalidade, idade, equipa) VALUES (1056,'Nathani Willie','Equador',22,203);
INSERT INTO JOGADOR (idJogador, nome, nacionalidade, idade, equipa) VALUES (1057,'Gerald Alejand','Colombia',17,203);
INSERT INTO JOGADOR (idJogador, nome, nacionalidade, idade, equipa) VALUES (1058,'Jamal Tanner','Brasil',16,203);
INSERT INTO JOGADOR (idJogador, nome, nacionalidade, idade, equipa) VALUES (1059,'Loyd Bruce','Equador',25,203);
INSERT INTO JOGADOR (idJogador, nome, nacionalidade, idade, equipa) VALUES (1060,'Devin Harley','Chile',25,203);
INSERT INTO JOGADOR (idJogador, nome, nacionalidade, idade, equipa) VALUES (1061,'Christi Freddy','Equador',22,203);
INSERT INTO JOGADOR (idJogador, nome, nacionalidade, idade, equipa) VALUES (1062,'Leroy Robert','Paraguai',24,203);
INSERT INTO JOGADOR (idJogador, nome, nacionalidade, idade, equipa) VALUES (1063,'Ricky Andres','Colombia',24,203);
INSERT INTO JOGADOR (idJogador, nome, nacionalidade, idade, equipa) VALUES (1064,'Pedro Desmond','Bolivia',25,204);
INSERT INTO JOGADOR (idJogador, nome, nacionalidade, idade, equipa) VALUES (1065,'Heath Ryan','Bolivia',20,204);
INSERT INTO JOGADOR (idJogador, nome, nacionalidade, idade, equipa) VALUES (1066,'Wendell Ronnie','Venezuela',16,204);
INSERT INTO JOGADOR (idJogador, nome, nacionalidade, idade, equipa) VALUES (1067,'Reed Clay','Colombia',16,204);
INSERT INTO JOGADOR (idJogador, nome, nacionalidade, idade, equipa) VALUES (1068,'Larry Patrick','Uruguai',21,204);
INSERT INTO JOGADOR (idJogador, nome, nacionalidade, idade, equipa) VALUES (1069,'James Aaron','Colombia',23,204);
INSERT INTO JOGADOR (idJogador, nome, nacionalidade, idade, equipa) VALUES (1070,'Derek Stanley','Argentina',16,204);
INSERT INTO JOGADOR (idJogador, nome, nacionalidade, idade, equipa) VALUES (1071,'Stacy Edgar','Colombia',23,204);
INSERT INTO JOGADOR (idJogador, nome, nacionalidade, idade, equipa) VALUES (1072,'Felipe Hector','Peru',21,204);
INSERT INTO JOGADOR (idJogador, nome, nacionalidade, idade, equipa) VALUES (1073,'Louis Giovann','Venezuela',25,204);
INSERT INTO JOGADOR (idJogador, nome, nacionalidade, idade, equipa) VALUES (1074,'Morris Ernesto','Uruguai',23,204);
INSERT INTO JOGADOR (idJogador, nome, nacionalidade, idade, equipa) VALUES (1075,'Lance Geoffre','Equador',22,204);
INSERT INTO JOGADOR (idJogador, nome, nacionalidade, idade, equipa) VALUES (1076,'Eddie Kevin','Argentina',22,204);
INSERT INTO JOGADOR (idJogador, nome, nacionalidade, idade, equipa) VALUES (1077,'Lorenzo Jeffery','Argentina',21,204);
INSERT INTO JOGADOR (idJogador, nome, nacionalidade, idade, equipa) VALUES (1078,'Gustavo Landen','Equador',19,204);
INSERT INTO JOGADOR (idJogador, nome, nacionalidade, idade, equipa) VALUES (1079,'Jaiden Corey','Peru',22,204);
INSERT INTO JOGADOR (idJogador, nome, nacionalidade, idade, equipa) VALUES (1080,'Jose Daniel','Peru',20,204);
INSERT INTO JOGADOR (idJogador, nome, nacionalidade, idade, equipa) VALUES (1081,'Steven Colby','Chile',17,204);
INSERT INTO JOGADOR (idJogador, nome, nacionalidade, idade, equipa) VALUES (1082,'Rooseve Wesley','Chile',23,204);
INSERT INTO JOGADOR (idJogador, nome, nacionalidade, idade, equipa) VALUES (1083,'Maurice Brayden','Venezuela',19,204);
INSERT INTO JOGADOR (idJogador, nome, nacionalidade, idade, equipa) VALUES (1084,'Pablo Jamie','Peru',16,204);
INSERT INTO JOGADOR (idJogador, nome, nacionalidade, idade, equipa) VALUES (1085,'Archie Sergio','Equador',23,205);
INSERT INTO JOGADOR (idJogador, nome, nacionalidade, idade, equipa) VALUES (1086,'Christi Maxwell','Equador',22,205);
INSERT INTO JOGADOR (idJogador, nome, nacionalidade, idade, equipa) VALUES (1087,'Ezra Garry','Argentina',22,205);
INSERT INTO JOGADOR (idJogador, nome, nacionalidade, idade, equipa) VALUES (1088,'Brenden Cesar','Chile',20,205);
INSERT INTO JOGADOR (idJogador, nome, nacionalidade, idade, equipa) VALUES (1089,'Gerard Joaquin','Colombia',24,205);
INSERT INTO JOGADOR (idJogador, nome, nacionalidade, idade, equipa) VALUES (1090,'Cesar Ethan','Venezuela',21,205);
INSERT INTO JOGADOR (idJogador, nome, nacionalidade, idade, equipa) VALUES (1091,'Jaden Corbin','Uruguai',19,205);
INSERT INTO JOGADOR (idJogador, nome, nacionalidade, idade, equipa) VALUES (1092,'Dominic Bernard','Uruguai',25,205);
INSERT INTO JOGADOR (idJogador, nome, nacionalidade, idade, equipa) VALUES (1093,'Leon Craig','Chile',19,205);
INSERT INTO JOGADOR (idJogador, nome, nacionalidade, idade, equipa) VALUES (1094,'Dennis Ethan','Peru',25,205);
INSERT INTO JOGADOR (idJogador, nome, nacionalidade, idade, equipa) VALUES (1095,'Dakota Rodney','Colombia',18,205);
INSERT INTO JOGADOR (idJogador, nome, nacionalidade, idade, equipa) VALUES (1096,'Jaime Michael','Uruguai',16,205);
INSERT INTO JOGADOR (idJogador, nome, nacionalidade, idade, equipa) VALUES (1097,'Angelo Maurice','Argentina',19,205);
INSERT INTO JOGADOR (idJogador, nome, nacionalidade, idade, equipa) VALUES (1098,'Lorenzo Cayden','Chile',24,205);
INSERT INTO JOGADOR (idJogador, nome, nacionalidade, idade, equipa) VALUES (1099,'Kurt Corey','Argentina',20,205);
INSERT INTO JOGADOR (idJogador, nome, nacionalidade, idade, equipa) VALUES (1100,'Adan Isaiah','Brasil',20,205);
INSERT INTO JOGADOR (idJogador, nome, nacionalidade, idade, equipa) VALUES (1101,'Damian Nelson','Venezuela',17,205);
INSERT INTO JOGADOR (idJogador, nome, nacionalidade, idade, equipa) VALUES (1102,'Erik Silas','Chile',16,205);
INSERT INTO JOGADOR (idJogador, nome, nacionalidade, idade, equipa) VALUES (1103,'Braxton Clay','Argentina',17,205);
INSERT INTO JOGADOR (idJogador, nome, nacionalidade, idade, equipa) VALUES (1104,'Reed Lukas','Paraguai',25,205);
INSERT INTO JOGADOR (idJogador, nome, nacionalidade, idade, equipa) VALUES (1105,'Gary Alonzo','Paraguai',20,205);
INSERT INTO JOGADOR (idJogador, nome, nacionalidade, idade, equipa) VALUES (1106,'Sam Dustin','Paraguai',17,206);
INSERT INTO JOGADOR (idJogador, nome, nacionalidade, idade, equipa) VALUES (1107,'Jayson Bradfor','Peru',17,206);
INSERT INTO JOGADOR (idJogador, nome, nacionalidade, idade, equipa) VALUES (1108,'Van Emmett','Bolivia',17,206);
INSERT INTO JOGADOR (idJogador, nome, nacionalidade, idade, equipa) VALUES (1109,'Otis Adan','Peru',20,206);
INSERT INTO JOGADOR (idJogador, nome, nacionalidade, idade, equipa) VALUES (1110,'Nick Saul','Argentina',21,206);
INSERT INTO JOGADOR (idJogador, nome, nacionalidade, idade, equipa) VALUES (1111,'Branden Dillon','Peru',23,206);
INSERT INTO JOGADOR (idJogador, nome, nacionalidade, idade, equipa) VALUES (1112,'Gabriel Graham','Colombia',21,206);
INSERT INTO JOGADOR (idJogador, nome, nacionalidade, idade, equipa) VALUES (1113,'Cesar Daniel','Argentina',22,206);
INSERT INTO JOGADOR (idJogador, nome, nacionalidade, idade, equipa) VALUES (1114,'Victor Hugo','Chile',21,206);
INSERT INTO JOGADOR (idJogador, nome, nacionalidade, idade, equipa) VALUES (1115,'Ian Nelson','Chile',18,206);
INSERT INTO JOGADOR (idJogador, nome, nacionalidade, idade, equipa) VALUES (1116,'Travis Leland','Argentina',16,206);
INSERT INTO JOGADOR (idJogador, nome, nacionalidade, idade, equipa) VALUES (1117,'Harlan Tyrone','Bolivia',23,206);
INSERT INTO JOGADOR (idJogador, nome, nacionalidade, idade, equipa) VALUES (1118,'Gage Frankli','Bolivia',23,206);
INSERT INTO JOGADOR (idJogador, nome, nacionalidade, idade, equipa) VALUES (1119,'Armando Griffin','Equador',20,206);
INSERT INTO JOGADOR (idJogador, nome, nacionalidade, idade, equipa) VALUES (1120,'Jeff Lance','Argentina',17,206);
INSERT INTO JOGADOR (idJogador, nome, nacionalidade, idade, equipa) VALUES (1121,'Rocky Duane','Equador',25,206);
INSERT INTO JOGADOR (idJogador, nome, nacionalidade, idade, equipa) VALUES (1122,'Grant Jan','Paraguai',22,206);
INSERT INTO JOGADOR (idJogador, nome, nacionalidade, idade, equipa) VALUES (1123,'Jamie Zachary','Peru',18,206);
INSERT INTO JOGADOR (idJogador, nome, nacionalidade, idade, equipa) VALUES (1124,'Logan Derrick','Argentina',23,206);
INSERT INTO JOGADOR (idJogador, nome, nacionalidade, idade, equipa) VALUES (1125,'Jesus Collin','Peru',17,206);
INSERT INTO JOGADOR (idJogador, nome, nacionalidade, idade, equipa) VALUES (1126,'Trevor Danny','Bolivia',17,206);
INSERT INTO JOGADOR (idJogador, nome, nacionalidade, idade, equipa) VALUES (1127,'Jeffrey Jeremy','Bolivia',21,207);
INSERT INTO JOGADOR (idJogador, nome, nacionalidade, idade, equipa) VALUES (1128,'Clyde Justin','Peru',19,207);
INSERT INTO JOGADOR (idJogador, nome, nacionalidade, idade, equipa) VALUES (1129,'Tony Graham','Bolivia',19,207);
INSERT INTO JOGADOR (idJogador, nome, nacionalidade, idade, equipa) VALUES (1130,'Omar Marvin','Uruguai',23,207);
INSERT INTO JOGADOR (idJogador, nome, nacionalidade, idade, equipa) VALUES (1131,'Lonnie Caleb','Brasil',22,207);
INSERT INTO JOGADOR (idJogador, nome, nacionalidade, idade, equipa) VALUES (1132,'Martin Wallace','Colombia',17,207);
INSERT INTO JOGADOR (idJogador, nome, nacionalidade, idade, equipa) VALUES (1133,'Cedric Lamont','Chile',20,207);
INSERT INTO JOGADOR (idJogador, nome, nacionalidade, idade, equipa) VALUES (1134,'Sherman Jorge','Bolivia',21,207);
INSERT INTO JOGADOR (idJogador, nome, nacionalidade, idade, equipa) VALUES (1135,'Irvin Parker','Equador',19,207);
INSERT INTO JOGADOR (idJogador, nome, nacionalidade, idade, equipa) VALUES (1136,'Chance Ayden','Bolivia',25,207);
INSERT INTO JOGADOR (idJogador, nome, nacionalidade, idade, equipa) VALUES (1137,'Wade Orville','Paraguai',24,207);
INSERT INTO JOGADOR (idJogador, nome, nacionalidade, idade, equipa) VALUES (1138,'Kameron Edmond','Uruguai',25,207);
INSERT INTO JOGADOR (idJogador, nome, nacionalidade, idade, equipa) VALUES (1139,'Jesse Terence','Paraguai',22,207);
INSERT INTO JOGADOR (idJogador, nome, nacionalidade, idade, equipa) VALUES (1140,'Braden Ben','Colombia',17,207);
INSERT INTO JOGADOR (idJogador, nome, nacionalidade, idade, equipa) VALUES (1141,'Victor Dustin','Bolivia',20,207);
INSERT INTO JOGADOR (idJogador, nome, nacionalidade, idade, equipa) VALUES (1142,'Lukas Fabian','Colombia',21,207);
INSERT INTO JOGADOR (idJogador, nome, nacionalidade, idade, equipa) VALUES (1143,'Braden Darryl','Peru',20,207);
INSERT INTO JOGADOR (idJogador, nome, nacionalidade, idade, equipa) VALUES (1144,'Ronald Fabian','Peru',25,207);
INSERT INTO JOGADOR (idJogador, nome, nacionalidade, idade, equipa) VALUES (1145,'Alfred Alfredo','Argentina',20,207);
INSERT INTO JOGADOR (idJogador, nome, nacionalidade, idade, equipa) VALUES (1146,'Landon Keegan','Equador',19,207);
INSERT INTO JOGADOR (idJogador, nome, nacionalidade, idade, equipa) VALUES (1147,'Kyler Zackary','Bolivia',18,207);
INSERT INTO JOGADOR (idJogador, nome, nacionalidade, idade, equipa) VALUES (1148,'Jayson Corey','Uruguai',21,208);
INSERT INTO JOGADOR (idJogador, nome, nacionalidade, idade, equipa) VALUES (1149,'Herbert Irvin','Equador',18,208);
INSERT INTO JOGADOR (idJogador, nome, nacionalidade, idade, equipa) VALUES (1150,'Irvin Conner','Uruguai',25,208);
INSERT INTO JOGADOR (idJogador, nome, nacionalidade, idade, equipa) VALUES (1151,'Clint Anthony','Chile',25,208);
INSERT INTO JOGADOR (idJogador, nome, nacionalidade, idade, equipa) VALUES (1152,'Alec Guadalu','Venezuela',17,208);
INSERT INTO JOGADOR (idJogador, nome, nacionalidade, idade, equipa) VALUES (1153,'Ronald Jermain','Peru',19,208);
INSERT INTO JOGADOR (idJogador, nome, nacionalidade, idade, equipa) VALUES (1154,'Hayden Jan','Argentina',23,208);
INSERT INTO JOGADOR (idJogador, nome, nacionalidade, idade, equipa) VALUES (1155,'Jack Mathew','Chile',24,208);
INSERT INTO JOGADOR (idJogador, nome, nacionalidade, idade, equipa) VALUES (1156,'Easton Alonzo','Venezuela',22,208);
INSERT INTO JOGADOR (idJogador, nome, nacionalidade, idade, equipa) VALUES (1157,'Conner Felix','Venezuela',23,208);
INSERT INTO JOGADOR (idJogador, nome, nacionalidade, idade, equipa) VALUES (1158,'Brenden Nathani','Brasil',20,208);
INSERT INTO JOGADOR (idJogador, nome, nacionalidade, idade, equipa) VALUES (1159,'Jermain Wilbert','Colombia',23,208);
INSERT INTO JOGADOR (idJogador, nome, nacionalidade, idade, equipa) VALUES (1160,'Sidney Wallace','Equador',22,208);
INSERT INTO JOGADOR (idJogador, nome, nacionalidade, idade, equipa) VALUES (1161,'Rene Joel','Venezuela',17,208);
INSERT INTO JOGADOR (idJogador, nome, nacionalidade, idade, equipa) VALUES (1162,'Brody Guy','Peru',25,208);
INSERT INTO JOGADOR (idJogador, nome, nacionalidade, idade, equipa) VALUES (1163,'Rex Emmett','Venezuela',21,208);
INSERT INTO JOGADOR (idJogador, nome, nacionalidade, idade, equipa) VALUES (1164,'Elias Skyler','Colombia',21,208);
INSERT INTO JOGADOR (idJogador, nome, nacionalidade, idade, equipa) VALUES (1165,'Allen Kaiden','Paraguai',16,208);
INSERT INTO JOGADOR (idJogador, nome, nacionalidade, idade, equipa) VALUES (1166,'Craig Elbert','Brasil',17,208);
INSERT INTO JOGADOR (idJogador, nome, nacionalidade, idade, equipa) VALUES (1167,'Mason Connor','Uruguai',16,208);
INSERT INTO JOGADOR (idJogador, nome, nacionalidade, idade, equipa) VALUES (1168,'Earnest Ruben','Uruguai',18,208);
INSERT INTO JOGADOR (idJogador, nome, nacionalidade, idade, equipa) VALUES (1169,'Neil Mark','Paraguai',24,209);
INSERT INTO JOGADOR (idJogador, nome, nacionalidade, idade, equipa) VALUES (1170,'Carl Gene','Venezuela',24,209);
INSERT INTO JOGADOR (idJogador, nome, nacionalidade, idade, equipa) VALUES (1171,'Michael Cesar','Bolivia',18,209);
INSERT INTO JOGADOR (idJogador, nome, nacionalidade, idade, equipa) VALUES (1172,'Peyton Allen','Uruguai',22,209);
INSERT INTO JOGADOR (idJogador, nome, nacionalidade, idade, equipa) VALUES (1173,'Freddy Maxwell','Colombia',21,209);
INSERT INTO JOGADOR (idJogador, nome, nacionalidade, idade, equipa) VALUES (1174,'Tom Branden','Chile',23,209);
INSERT INTO JOGADOR (idJogador, nome, nacionalidade, idade, equipa) VALUES (1175,'Cory Sam','Bolivia',24,209);
INSERT INTO JOGADOR (idJogador, nome, nacionalidade, idade, equipa) VALUES (1176,'Benny Doug','Argentina',19,209);
INSERT INTO JOGADOR (idJogador, nome, nacionalidade, idade, equipa) VALUES (1177,'Ira Gage','Venezuela',22,209);
INSERT INTO JOGADOR (idJogador, nome, nacionalidade, idade, equipa) VALUES (1178,'Darius Andrew','Chile',18,209);
INSERT INTO JOGADOR (idJogador, nome, nacionalidade, idade, equipa) VALUES (1179,'Miguel Jalen','Argentina',16,209);
INSERT INTO JOGADOR (idJogador, nome, nacionalidade, idade, equipa) VALUES (1180,'Clay Matt','Equador',19,209);
INSERT INTO JOGADOR (idJogador, nome, nacionalidade, idade, equipa) VALUES (1181,'Leonard Bennie','Brasil',22,209);
INSERT INTO JOGADOR (idJogador, nome, nacionalidade, idade, equipa) VALUES (1182,'Amos Jeremy','Venezuela',16,209);
INSERT INTO JOGADOR (idJogador, nome, nacionalidade, idade, equipa) VALUES (1183,'Jonatha Woodrow','Uruguai',19,209);
INSERT INTO JOGADOR (idJogador, nome, nacionalidade, idade, equipa) VALUES (1184,'Micah Pablo','Argentina',19,209);
INSERT INTO JOGADOR (idJogador, nome, nacionalidade, idade, equipa) VALUES (1185,'Eduardo Darryl','Bolivia',20,209);
INSERT INTO JOGADOR (idJogador, nome, nacionalidade, idade, equipa) VALUES (1186,'Daniel Micheal','Paraguai',17,209);
INSERT INTO JOGADOR (idJogador, nome, nacionalidade, idade, equipa) VALUES (1187,'Claude Owen','Colombia',16,209);
INSERT INTO JOGADOR (idJogador, nome, nacionalidade, idade, equipa) VALUES (1188,'Warren Lewis','Bolivia',23,209);
INSERT INTO JOGADOR (idJogador, nome, nacionalidade, idade, equipa) VALUES (1189,'Neil Bruce','Uruguai',16,209);
INSERT INTO JOGADOR (idJogador, nome, nacionalidade, idade, equipa) VALUES (1190,'Carter Hector','Equador',18,210);
INSERT INTO JOGADOR (idJogador, nome, nacionalidade, idade, equipa) VALUES (1191,'Dalton Elbert','Colombia',25,210);
INSERT INTO JOGADOR (idJogador, nome, nacionalidade, idade, equipa) VALUES (1192,'Colin Darren','Brasil',16,210);
INSERT INTO JOGADOR (idJogador, nome, nacionalidade, idade, equipa) VALUES (1193,'Carlos Carlton','Uruguai',17,210);
INSERT INTO JOGADOR (idJogador, nome, nacionalidade, idade, equipa) VALUES (1194,'Easton Kenneth','Venezuela',18,210);
INSERT INTO JOGADOR (idJogador, nome, nacionalidade, idade, equipa) VALUES (1195,'Mike Marcos','Argentina',18,210);
INSERT INTO JOGADOR (idJogador, nome, nacionalidade, idade, equipa) VALUES (1196,'Harvey Chris','Colombia',24,210);
INSERT INTO JOGADOR (idJogador, nome, nacionalidade, idade, equipa) VALUES (1197,'Jake John','Equador',17,210);
INSERT INTO JOGADOR (idJogador, nome, nacionalidade, idade, equipa) VALUES (1198,'Caleb Dominic','Equador',17,210);
INSERT INTO JOGADOR (idJogador, nome, nacionalidade, idade, equipa) VALUES (1199,'Jimmie Victor','Peru',21,210);
INSERT INTO JOGADOR (idJogador, nome, nacionalidade, idade, equipa) VALUES (1200,'Jaime Ted','Venezuela',22,210);
INSERT INTO JOGADOR (idJogador, nome, nacionalidade, idade, equipa) VALUES (1201,'Craig Alonzo','Equador',24,210);
INSERT INTO JOGADOR (idJogador, nome, nacionalidade, idade, equipa) VALUES (1202,'Alvin Jan','Brasil',20,210);
INSERT INTO JOGADOR (idJogador, nome, nacionalidade, idade, equipa) VALUES (1203,'Rocco Drew','Venezuela',16,210);
INSERT INTO JOGADOR (idJogador, nome, nacionalidade, idade, equipa) VALUES (1204,'Byron Todd','Colombia',20,210);
INSERT INTO JOGADOR (idJogador, nome, nacionalidade, idade, equipa) VALUES (1205,'Neymar Junior','Brasil',19,210);
INSERT INTO JOGADOR (idJogador, nome, nacionalidade, idade, equipa) VALUES (1206,'Parker Gage','Argentina',16,210);
INSERT INTO JOGADOR (idJogador, nome, nacionalidade, idade, equipa) VALUES (1207,'Carlton Jess','Bolivia',23,210);
INSERT INTO JOGADOR (idJogador, nome, nacionalidade, idade, equipa) VALUES (1208,'Keegan Cristia','Bolivia',20,210);
INSERT INTO JOGADOR (idJogador, nome, nacionalidade, idade, equipa) VALUES (1209,'Micah Jonatho','Peru',21,210);
INSERT INTO JOGADOR (idJogador, nome, nacionalidade, idade, equipa) VALUES (1210,'Hudson Darrin','Venezuela',19,210);
INSERT INTO JOGADOR (idJogador, nome, nacionalidade, idade, equipa) VALUES (1211,'Jalen Bryce','Argentina',20,211);
INSERT INTO JOGADOR (idJogador, nome, nacionalidade, idade, equipa) VALUES (1212,'Austin August','Argentina',16,211);
INSERT INTO JOGADOR (idJogador, nome, nacionalidade, idade, equipa) VALUES (1213,'Dallas Griffin','Peru',18,211);
INSERT INTO JOGADOR (idJogador, nome, nacionalidade, idade, equipa) VALUES (1214,'Ed Simon','Chile',21,211);
INSERT INTO JOGADOR (idJogador, nome, nacionalidade, idade, equipa) VALUES (1215,'Jaxon Hayden','Paraguai',23,211);
INSERT INTO JOGADOR (idJogador, nome, nacionalidade, idade, equipa) VALUES (1216,'Merle Sylvest','Chile',19,211);
INSERT INTO JOGADOR (idJogador, nome, nacionalidade, idade, equipa) VALUES (1217,'Milton Rene','Colombia',16,211);
INSERT INTO JOGADOR (idJogador, nome, nacionalidade, idade, equipa) VALUES (1218,'Karl Arnold','Uruguai',19,211);
INSERT INTO JOGADOR (idJogador, nome, nacionalidade, idade, equipa) VALUES (1219,'Beau Gage','Equador',18,211);
INSERT INTO JOGADOR (idJogador, nome, nacionalidade, idade, equipa) VALUES (1220,'Vernon Erik','Venezuela',24,211);
INSERT INTO JOGADOR (idJogador, nome, nacionalidade, idade, equipa) VALUES (1221,'Laurenc Adrian','Chile',21,211);
INSERT INTO JOGADOR (idJogador, nome, nacionalidade, idade, equipa) VALUES (1222,'Garland Joey','Equador',17,211);
INSERT INTO JOGADOR (idJogador, nome, nacionalidade, idade, equipa) VALUES (1223,'Devon Norman','Bolivia',25,211);
INSERT INTO JOGADOR (idJogador, nome, nacionalidade, idade, equipa) VALUES (1224,'Roland Donald','Uruguai',25,211);
INSERT INTO JOGADOR (idJogador, nome, nacionalidade, idade, equipa) VALUES (1225,'Lyle Esteban','Uruguai',21,211);
INSERT INTO JOGADOR (idJogador, nome, nacionalidade, idade, equipa) VALUES (1226,'Myron Alexis','Brasil',21,211);
INSERT INTO JOGADOR (idJogador, nome, nacionalidade, idade, equipa) VALUES (1227,'Reginal Levi','Argentina',23,211);
INSERT INTO JOGADOR (idJogador, nome, nacionalidade, idade, equipa) VALUES (1228,'Joe Jeffrey','Brasil',19,211);
INSERT INTO JOGADOR (idJogador, nome, nacionalidade, idade, equipa) VALUES (1229,'Cliffor Laurenc','Chile',24,211);
INSERT INTO JOGADOR (idJogador, nome, nacionalidade, idade, equipa) VALUES (1230,'George Lamont','Argentina',16,211);
INSERT INTO JOGADOR (idJogador, nome, nacionalidade, idade, equipa) VALUES (1231,'Myron Lorenzo','Colombia',23,211);
INSERT INTO JOGADOR (idJogador, nome, nacionalidade, idade, equipa) VALUES (1232,'Julius Alexand','Paraguai',17,212);
INSERT INTO JOGADOR (idJogador, nome, nacionalidade, idade, equipa) VALUES (1233,'Jeffery Rocky','Paraguai',20,212);
INSERT INTO JOGADOR (idJogador, nome, nacionalidade, idade, equipa) VALUES (1234,'Shaun Sherman','Colombia',20,212);
INSERT INTO JOGADOR (idJogador, nome, nacionalidade, idade, equipa) VALUES (1235,'Dominic Lester','Bolivia',16,212);
INSERT INTO JOGADOR (idJogador, nome, nacionalidade, idade, equipa) VALUES (1236,'Rocco Luke','Colombia',19,212);
INSERT INTO JOGADOR (idJogador, nome, nacionalidade, idade, equipa) VALUES (1237,'Stuart Rudolph','Bolivia',18,212);
INSERT INTO JOGADOR (idJogador, nome, nacionalidade, idade, equipa) VALUES (1238,'Grayson Leroy','Venezuela',25,212);
INSERT INTO JOGADOR (idJogador, nome, nacionalidade, idade, equipa) VALUES (1239,'Austin Doug','Bolivia',23,212);
INSERT INTO JOGADOR (idJogador, nome, nacionalidade, idade, equipa) VALUES (1240,'Eddie Giovann','Peru',20,212);
INSERT INTO JOGADOR (idJogador, nome, nacionalidade, idade, equipa) VALUES (1241,'Adan Joe','Chile',20,212);
INSERT INTO JOGADOR (idJogador, nome, nacionalidade, idade, equipa) VALUES (1242,'Jonatha Enrique','Uruguai',20,212);
INSERT INTO JOGADOR (idJogador, nome, nacionalidade, idade, equipa) VALUES (1243,'Ira Colton','Bolivia',25,212);
INSERT INTO JOGADOR (idJogador, nome, nacionalidade, idade, equipa) VALUES (1244,'Payton Braden','Argentina',25,212);
INSERT INTO JOGADOR (idJogador, nome, nacionalidade, idade, equipa) VALUES (1245,'Orville Lance','Bolivia',21,212);
INSERT INTO JOGADOR (idJogador, nome, nacionalidade, idade, equipa) VALUES (1246,'Jonatha Jackson','Equador',17,212);
INSERT INTO JOGADOR (idJogador, nome, nacionalidade, idade, equipa) VALUES (1247,'Calvin Simon','Peru',16,212);
INSERT INTO JOGADOR (idJogador, nome, nacionalidade, idade, equipa) VALUES (1248,'Asher Bobby','Venezuela',22,212);
INSERT INTO JOGADOR (idJogador, nome, nacionalidade, idade, equipa) VALUES (1249,'Laurenc Malachi','Brasil',19,212);
INSERT INTO JOGADOR (idJogador, nome, nacionalidade, idade, equipa) VALUES (1250,'Edgar Barry','Bolivia',16,212);
INSERT INTO JOGADOR (idJogador, nome, nacionalidade, idade, equipa) VALUES (1251,'Kaden Brad','Peru',16,212);
INSERT INTO JOGADOR (idJogador, nome, nacionalidade, idade, equipa) VALUES (1252,'Lorenzo Casey','Colombia',18,212);
INSERT INTO JOGADOR (idJogador, nome, nacionalidade, idade, equipa) VALUES (1253,'Marlon August','Brasil',25,213);
INSERT INTO JOGADOR (idJogador, nome, nacionalidade, idade, equipa) VALUES (1254,'Conrad Kody','Brasil',18,213);
INSERT INTO JOGADOR (idJogador, nome, nacionalidade, idade, equipa) VALUES (1255,'Roland Dawson','Chile',18,213);
INSERT INTO JOGADOR (idJogador, nome, nacionalidade, idade, equipa) VALUES (1256,'Stephan Aaron','Peru',17,213);
INSERT INTO JOGADOR (idJogador, nome, nacionalidade, idade, equipa) VALUES (1257,'James Vincent','Argentina',20,213);
INSERT INTO JOGADOR (idJogador, nome, nacionalidade, idade, equipa) VALUES (1258,'Phillip Terrell','Colombia',21,213);
INSERT INTO JOGADOR (idJogador, nome, nacionalidade, idade, equipa) VALUES (1259,'Merle Gustavo','Venezuela',16,213);
INSERT INTO JOGADOR (idJogador, nome, nacionalidade, idade, equipa) VALUES (1260,'Greg Dean','Brasil',24,213);
INSERT INTO JOGADOR (idJogador, nome, nacionalidade, idade, equipa) VALUES (1261,'Lorenzo Taylor','Argentina',25,213);
INSERT INTO JOGADOR (idJogador, nome, nacionalidade, idade, equipa) VALUES (1262,'Morgan Roland','Equador',25,213);
INSERT INTO JOGADOR (idJogador, nome, nacionalidade, idade, equipa) VALUES (1263,'Jasper Kirk','Bolivia',18,213);
INSERT INTO JOGADOR (idJogador, nome, nacionalidade, idade, equipa) VALUES (1264,'Armando Mason','Argentina',17,213);
INSERT INTO JOGADOR (idJogador, nome, nacionalidade, idade, equipa) VALUES (1265,'Shane Simon','Bolivia',20,213);
INSERT INTO JOGADOR (idJogador, nome, nacionalidade, idade, equipa) VALUES (1266,'Jaylen Leon','Venezuela',16,213);
INSERT INTO JOGADOR (idJogador, nome, nacionalidade, idade, equipa) VALUES (1267,'Fredric Brian','Equador',25,213);
INSERT INTO JOGADOR (idJogador, nome, nacionalidade, idade, equipa) VALUES (1268,'Axel Demetri','Chile',22,213);
INSERT INTO JOGADOR (idJogador, nome, nacionalidade, idade, equipa) VALUES (1269,'Matt Grady','Colombia',16,213);
INSERT INTO JOGADOR (idJogador, nome, nacionalidade, idade, equipa) VALUES (1270,'Allan Hunter','Colombia',17,213);
INSERT INTO JOGADOR (idJogador, nome, nacionalidade, idade, equipa) VALUES (1271,'Dominic Kenneth','Brasil',17,213);
INSERT INTO JOGADOR (idJogador, nome, nacionalidade, idade, equipa) VALUES (1272,'Marshal Alfred','Venezuela',16,213);
INSERT INTO JOGADOR (idJogador, nome, nacionalidade, idade, equipa) VALUES (1273,'Joshua Ian','Chile',24,213);
INSERT INTO JOGADOR (idJogador, nome, nacionalidade, idade, equipa) VALUES (1274,'Abraham Dawson','Paraguai',24,214);
INSERT INTO JOGADOR (idJogador, nome, nacionalidade, idade, equipa) VALUES (1275,'Luis Abraham','Venezuela',23,214);
INSERT INTO JOGADOR (idJogador, nome, nacionalidade, idade, equipa) VALUES (1276,'Juan Clifton','Peru',22,214);
INSERT INTO JOGADOR (idJogador, nome, nacionalidade, idade, equipa) VALUES (1277,'Jay Louie','Equador',22,214);
INSERT INTO JOGADOR (idJogador, nome, nacionalidade, idade, equipa) VALUES (1278,'Jan Simon','Argentina',18,214);
INSERT INTO JOGADOR (idJogador, nome, nacionalidade, idade, equipa) VALUES (1279,'Caden Arturo','Uruguai',22,214);
INSERT INTO JOGADOR (idJogador, nome, nacionalidade, idade, equipa) VALUES (1280,'Devon Bret','Bolivia',19,214);
INSERT INTO JOGADOR (idJogador, nome, nacionalidade, idade, equipa) VALUES (1281,'Jorge David','Uruguai',19,214);
INSERT INTO JOGADOR (idJogador, nome, nacionalidade, idade, equipa) VALUES (1282,'Joe Eddie','Brasil',21,214);
INSERT INTO JOGADOR (idJogador, nome, nacionalidade, idade, equipa) VALUES (1283,'Justin Peter','Uruguai',19,214);
INSERT INTO JOGADOR (idJogador, nome, nacionalidade, idade, equipa) VALUES (1284,'Dylan Rocky','Bolivia',24,214);
INSERT INTO JOGADOR (idJogador, nome, nacionalidade, idade, equipa) VALUES (1285,'Frankie Loren','Peru',25,214);
INSERT INTO JOGADOR (idJogador, nome, nacionalidade, idade, equipa) VALUES (1286,'Camden Charlie','Brasil',19,214);
INSERT INTO JOGADOR (idJogador, nome, nacionalidade, idade, equipa) VALUES (1287,'Carl Cooper','Paraguai',22,214);
INSERT INTO JOGADOR (idJogador, nome, nacionalidade, idade, equipa) VALUES (1288,'Oscar Kyle','Colombia',18,214);
INSERT INTO JOGADOR (idJogador, nome, nacionalidade, idade, equipa) VALUES (1289,'Sidney Griffin','Peru',25,214);
INSERT INTO JOGADOR (idJogador, nome, nacionalidade, idade, equipa) VALUES (1290,'Wesley Patrick','Paraguai',23,214);
INSERT INTO JOGADOR (idJogador, nome, nacionalidade, idade, equipa) VALUES (1291,'Reuben Randolp','Argentina',16,214);
INSERT INTO JOGADOR (idJogador, nome, nacionalidade, idade, equipa) VALUES (1292,'Landen Rodrigo','Equador',24,214);
INSERT INTO JOGADOR (idJogador, nome, nacionalidade, idade, equipa) VALUES (1293,'Esteban Samuel','Brasil',19,214);
INSERT INTO JOGADOR (idJogador, nome, nacionalidade, idade, equipa) VALUES (1294,'Doyle Aidan','Bolivia',25,214);
INSERT INTO JOGADOR (idJogador, nome, nacionalidade, idade, equipa) VALUES (1295,'Tom Donnie','Chile',25,215);
INSERT INTO JOGADOR (idJogador, nome, nacionalidade, idade, equipa) VALUES (1296,'Caleb Jaiden','Venezuela',22,215);
INSERT INTO JOGADOR (idJogador, nome, nacionalidade, idade, equipa) VALUES (1297,'Jamal Parker','Colombia',20,215);
INSERT INTO JOGADOR (idJogador, nome, nacionalidade, idade, equipa) VALUES (1298,'Jimmy Neal','Uruguai',22,215);
INSERT INTO JOGADOR (idJogador, nome, nacionalidade, idade, equipa) VALUES (1299,'Bobby Rickey','Argentina',18,215);
INSERT INTO JOGADOR (idJogador, nome, nacionalidade, idade, equipa) VALUES (1300,'Johnath Ryan','Colombia',19,215);
INSERT INTO JOGADOR (idJogador, nome, nacionalidade, idade, equipa) VALUES (1301,'Conrad Alfonso','Colombia',19,215);
INSERT INTO JOGADOR (idJogador, nome, nacionalidade, idade, equipa) VALUES (1302,'Axel Dewayne','Venezuela',25,215);
INSERT INTO JOGADOR (idJogador, nome, nacionalidade, idade, equipa) VALUES (1303,'Carson Sam','Colombia',17,215);
INSERT INTO JOGADOR (idJogador, nome, nacionalidade, idade, equipa) VALUES (1304,'Kelly Silas','Colombia',23,215);
INSERT INTO JOGADOR (idJogador, nome, nacionalidade, idade, equipa) VALUES (1305,'Bryan Esteban','Venezuela',16,215);
INSERT INTO JOGADOR (idJogador, nome, nacionalidade, idade, equipa) VALUES (1306,'Grant Darwin','Bolivia',21,215);
INSERT INTO JOGADOR (idJogador, nome, nacionalidade, idade, equipa) VALUES (1307,'Eddie Alec','Paraguai',19,215);
INSERT INTO JOGADOR (idJogador, nome, nacionalidade, idade, equipa) VALUES (1308,'Teddy Terrenc','Bolivia',19,215);
INSERT INTO JOGADOR (idJogador, nome, nacionalidade, idade, equipa) VALUES (1309,'Ben Jess','Uruguai',22,215);
INSERT INTO JOGADOR (idJogador, nome, nacionalidade, idade, equipa) VALUES (1310,'Aidan Wendell','Bolivia',20,215);
INSERT INTO JOGADOR (idJogador, nome, nacionalidade, idade, equipa) VALUES (1311,'Alexand Rodrigo','Equador',16,215);
INSERT INTO JOGADOR (idJogador, nome, nacionalidade, idade, equipa) VALUES (1312,'Rogelio Kent','Paraguai',23,215);
INSERT INTO JOGADOR (idJogador, nome, nacionalidade, idade, equipa) VALUES (1313,'Mario Dallas','Colombia',17,215);
INSERT INTO JOGADOR (idJogador, nome, nacionalidade, idade, equipa) VALUES (1314,'Malik Stephen','Venezuela',24,215);
INSERT INTO JOGADOR (idJogador, nome, nacionalidade, idade, equipa) VALUES (1315,'Randolp Myron','Uruguai',19,215);
INSERT INTO JOGADOR (idJogador, nome, nacionalidade, idade, equipa) VALUES (1316,'Raymond Aiden','Venezuela',22,216);
INSERT INTO JOGADOR (idJogador, nome, nacionalidade, idade, equipa) VALUES (1317,'Lucas Gordon','Venezuela',21,216);
INSERT INTO JOGADOR (idJogador, nome, nacionalidade, idade, equipa) VALUES (1318,'Jackie Stacy','Peru',22,216);
INSERT INTO JOGADOR (idJogador, nome, nacionalidade, idade, equipa) VALUES (1319,'Dominic Josue','Uruguai',22,216);
INSERT INTO JOGADOR (idJogador, nome, nacionalidade, idade, equipa) VALUES (1320,'Marc Jerome','Chile',24,216);
INSERT INTO JOGADOR (idJogador, nome, nacionalidade, idade, equipa) VALUES (1321,'Clyde Harvey','Bolivia',17,216);
INSERT INTO JOGADOR (idJogador, nome, nacionalidade, idade, equipa) VALUES (1322,'Edward Darren','Paraguai',17,216);
INSERT INTO JOGADOR (idJogador, nome, nacionalidade, idade, equipa) VALUES (1323,'Miles Simon','Chile',21,216);
INSERT INTO JOGADOR (idJogador, nome, nacionalidade, idade, equipa) VALUES (1324,'Gordon Sherman','Peru',25,216);
INSERT INTO JOGADOR (idJogador, nome, nacionalidade, idade, equipa) VALUES (1325,'Dominic Ross','Uruguai',18,216);
INSERT INTO JOGADOR (idJogador, nome, nacionalidade, idade, equipa) VALUES (1326,'Cary Louis','Chile',21,216);
INSERT INTO JOGADOR (idJogador, nome, nacionalidade, idade, equipa) VALUES (1327,'Jeremy Sean','Colombia',18,216);
INSERT INTO JOGADOR (idJogador, nome, nacionalidade, idade, equipa) VALUES (1328,'Elbert Wendell','Bolivia',21,216);
INSERT INTO JOGADOR (idJogador, nome, nacionalidade, idade, equipa) VALUES (1329,'Dan Jess','Argentina',20,216);
INSERT INTO JOGADOR (idJogador, nome, nacionalidade, idade, equipa) VALUES (1330,'Shane Arnold','Equador',21,216);
INSERT INTO JOGADOR (idJogador, nome, nacionalidade, idade, equipa) VALUES (1331,'Kody Ronnie','Uruguai',23,216);
INSERT INTO JOGADOR (idJogador, nome, nacionalidade, idade, equipa) VALUES (1332,'Leroy Eldon','Paraguai',20,216);
INSERT INTO JOGADOR (idJogador, nome, nacionalidade, idade, equipa) VALUES (1333,'Bryan Camden','Colombia',21,216);
INSERT INTO JOGADOR (idJogador, nome, nacionalidade, idade, equipa) VALUES (1334,'Spencer Tyson','Colombia',19,216);
INSERT INTO JOGADOR (idJogador, nome, nacionalidade, idade, equipa) VALUES (1335,'Donnie Elliott','Colombia',23,216);
INSERT INTO JOGADOR (idJogador, nome, nacionalidade, idade, equipa) VALUES (1336,'Frankie Elmer','Uruguai',21,216);
INSERT INTO JOGADOR (idJogador, nome, nacionalidade, idade, equipa) VALUES (1337,'Christo Eugene','Equador',20,217);
INSERT INTO JOGADOR (idJogador, nome, nacionalidade, idade, equipa) VALUES (1338,'Milton Liam','Equador',17,217);
INSERT INTO JOGADOR (idJogador, nome, nacionalidade, idade, equipa) VALUES (1339,'Trey Bradfor','Argentina',18,217);
INSERT INTO JOGADOR (idJogador, nome, nacionalidade, idade, equipa) VALUES (1340,'Michael Gary','Equador',16,217);
INSERT INTO JOGADOR (idJogador, nome, nacionalidade, idade, equipa) VALUES (1341,'Ethan Gerald','Colombia',24,217);
INSERT INTO JOGADOR (idJogador, nome, nacionalidade, idade, equipa) VALUES (1342,'James Vance','Argentina',21,217);
INSERT INTO JOGADOR (idJogador, nome, nacionalidade, idade, equipa) VALUES (1343,'Giovann Clark','Peru',19,217);
INSERT INTO JOGADOR (idJogador, nome, nacionalidade, idade, equipa) VALUES (1344,'Mark Jorge','Brasil',25,217);
INSERT INTO JOGADOR (idJogador, nome, nacionalidade, idade, equipa) VALUES (1345,'Arnold Marshal','Venezuela',18,217);
INSERT INTO JOGADOR (idJogador, nome, nacionalidade, idade, equipa) VALUES (1346,'Dylan Quinn','Venezuela',17,217);
INSERT INTO JOGADOR (idJogador, nome, nacionalidade, idade, equipa) VALUES (1347,'Nicolas Jackson','Colombia',18,217);
INSERT INTO JOGADOR (idJogador, nome, nacionalidade, idade, equipa) VALUES (1348,'Lynn Doyle','Paraguai',25,217);
INSERT INTO JOGADOR (idJogador, nome, nacionalidade, idade, equipa) VALUES (1349,'Shawn Gary','Colombia',21,217);
INSERT INTO JOGADOR (idJogador, nome, nacionalidade, idade, equipa) VALUES (1350,'Wyatt Alton','Bolivia',22,217);
INSERT INTO JOGADOR (idJogador, nome, nacionalidade, idade, equipa) VALUES (1351,'Logan Aiden','Colombia',23,217);
INSERT INTO JOGADOR (idJogador, nome, nacionalidade, idade, equipa) VALUES (1352,'Gabriel Malachi','Uruguai',16,217);
INSERT INTO JOGADOR (idJogador, nome, nacionalidade, idade, equipa) VALUES (1353,'Gage Everett','Venezuela',21,217);
INSERT INTO JOGADOR (idJogador, nome, nacionalidade, idade, equipa) VALUES (1354,'Trent Marquis','Venezuela',20,217);
INSERT INTO JOGADOR (idJogador, nome, nacionalidade, idade, equipa) VALUES (1355,'Tom Donnie','Paraguai',16,217);
INSERT INTO JOGADOR (idJogador, nome, nacionalidade, idade, equipa) VALUES (1356,'Carl Oscar','Chile',21,217);
INSERT INTO JOGADOR (idJogador, nome, nacionalidade, idade, equipa) VALUES (1357,'Jordan Bryce','Peru',17,217);
INSERT INTO JOGADOR (idJogador, nome, nacionalidade, idade, equipa) VALUES (1358,'Elias Brad','Argentina',23,218);
INSERT INTO JOGADOR (idJogador, nome, nacionalidade, idade, equipa) VALUES (1359,'Zane Bryant','Equador',24,218);
INSERT INTO JOGADOR (idJogador, nome, nacionalidade, idade, equipa) VALUES (1360,'Blaine Anthony','Paraguai',17,218);
INSERT INTO JOGADOR (idJogador, nome, nacionalidade, idade, equipa) VALUES (1361,'Zachari Roger','Brasil',20,218);
INSERT INTO JOGADOR (idJogador, nome, nacionalidade, idade, equipa) VALUES (1362,'Micah Gilbert','Venezuela',22,218);
INSERT INTO JOGADOR (idJogador, nome, nacionalidade, idade, equipa) VALUES (1363,'Mason Skyler','Uruguai',19,218);
INSERT INTO JOGADOR (idJogador, nome, nacionalidade, idade, equipa) VALUES (1364,'Stephan Henry','Colombia',25,218);
INSERT INTO JOGADOR (idJogador, nome, nacionalidade, idade, equipa) VALUES (1365,'Paul Jarrod','Peru',16,218);
INSERT INTO JOGADOR (idJogador, nome, nacionalidade, idade, equipa) VALUES (1366,'Doyle Donnie','Paraguai',21,218);
INSERT INTO JOGADOR (idJogador, nome, nacionalidade, idade, equipa) VALUES (1367,'Frederi Owen','Chile',17,218);
INSERT INTO JOGADOR (idJogador, nome, nacionalidade, idade, equipa) VALUES (1368,'Branden Lane','Brasil',21,218);
INSERT INTO JOGADOR (idJogador, nome, nacionalidade, idade, equipa) VALUES (1369,'Josiah Mason','Peru',16,218);
INSERT INTO JOGADOR (idJogador, nome, nacionalidade, idade, equipa) VALUES (1370,'Maurice Rodney','Equador',20,218);
INSERT INTO JOGADOR (idJogador, nome, nacionalidade, idade, equipa) VALUES (1371,'Edgar Easton','Uruguai',25,218);
INSERT INTO JOGADOR (idJogador, nome, nacionalidade, idade, equipa) VALUES (1372,'Garland Carlos','Bolivia',16,218);
INSERT INTO JOGADOR (idJogador, nome, nacionalidade, idade, equipa) VALUES (1373,'Sherman Carson','Venezuela',23,218);
INSERT INTO JOGADOR (idJogador, nome, nacionalidade, idade, equipa) VALUES (1374,'Jalen Sheldon','Venezuela',16,218);
INSERT INTO JOGADOR (idJogador, nome, nacionalidade, idade, equipa) VALUES (1375,'Darnell Pablo','Brasil',18,218);
INSERT INTO JOGADOR (idJogador, nome, nacionalidade, idade, equipa) VALUES (1376,'Karl Jarrett','Equador',16,218);
INSERT INTO JOGADOR (idJogador, nome, nacionalidade, idade, equipa) VALUES (1377,'Kameron Josiah','Colombia',21,218);
INSERT INTO JOGADOR (idJogador, nome, nacionalidade, idade, equipa) VALUES (1378,'Javier Trent','Argentina',22,218);
INSERT INTO JOGADOR (idJogador, nome, nacionalidade, idade, equipa) VALUES (1379,'Rufus Ervin','Bolivia',17,219);
INSERT INTO JOGADOR (idJogador, nome, nacionalidade, idade, equipa) VALUES (1380,'Adam Gavin','Brasil',16,219);
INSERT INTO JOGADOR (idJogador, nome, nacionalidade, idade, equipa) VALUES (1381,'Devon Ellis','Brasil',20,219);
INSERT INTO JOGADOR (idJogador, nome, nacionalidade, idade, equipa) VALUES (1382,'Byron Leslie','Brasil',19,219);
INSERT INTO JOGADOR (idJogador, nome, nacionalidade, idade, equipa) VALUES (1383,'Alex Blaine','Bolivia',17,219);
INSERT INTO JOGADOR (idJogador, nome, nacionalidade, idade, equipa) VALUES (1384,'Neil Greg','Argentina',25,219);
INSERT INTO JOGADOR (idJogador, nome, nacionalidade, idade, equipa) VALUES (1385,'Freddy Homer','Colombia',18,219);
INSERT INTO JOGADOR (idJogador, nome, nacionalidade, idade, equipa) VALUES (1386,'Saul Royce','Peru',20,219);
INSERT INTO JOGADOR (idJogador, nome, nacionalidade, idade, equipa) VALUES (1387,'Leslie Trevor','Bolivia',16,219);
INSERT INTO JOGADOR (idJogador, nome, nacionalidade, idade, equipa) VALUES (1388,'Micheal Lane','Paraguai',17,219);
INSERT INTO JOGADOR (idJogador, nome, nacionalidade, idade, equipa) VALUES (1389,'Kyle David','Brasil',19,219);
INSERT INTO JOGADOR (idJogador, nome, nacionalidade, idade, equipa) VALUES (1390,'Lee Chad','Peru',20,219);
INSERT INTO JOGADOR (idJogador, nome, nacionalidade, idade, equipa) VALUES (1391,'Brayden Billie','Venezuela',18,219);
INSERT INTO JOGADOR (idJogador, nome, nacionalidade, idade, equipa) VALUES (1392,'Drew Oliver','Venezuela',18,219);
INSERT INTO JOGADOR (idJogador, nome, nacionalidade, idade, equipa) VALUES (1393,'Salvato Dalton','Brasil',23,219);
INSERT INTO JOGADOR (idJogador, nome, nacionalidade, idade, equipa) VALUES (1394,'Chandle Harry','Argentina',25,219);
INSERT INTO JOGADOR (idJogador, nome, nacionalidade, idade, equipa) VALUES (1395,'Victor Leonard','Equador',24,219);
INSERT INTO JOGADOR (idJogador, nome, nacionalidade, idade, equipa) VALUES (1396,'Nelson Delbert','Argentina',18,219);
INSERT INTO JOGADOR (idJogador, nome, nacionalidade, idade, equipa) VALUES (1397,'Sherman Dillon','Venezuela',25,219);
INSERT INTO JOGADOR (idJogador, nome, nacionalidade, idade, equipa) VALUES (1398,'Blaine Jerry','Bolivia',21,219);
INSERT INTO JOGADOR (idJogador, nome, nacionalidade, idade, equipa) VALUES (1399,'Javier Ervin','Chile',25,219);
INSERT INTO JOGADOR (idJogador, nome, nacionalidade, idade, equipa) VALUES (1400,'Parker Alexis','Venezuela',18,220);
INSERT INTO JOGADOR (idJogador, nome, nacionalidade, idade, equipa) VALUES (1401,'Don Anthony','Venezuela',23,220);
INSERT INTO JOGADOR (idJogador, nome, nacionalidade, idade, equipa) VALUES (1402,'Tristan Sebasti','Brasil',20,220);
INSERT INTO JOGADOR (idJogador, nome, nacionalidade, idade, equipa) VALUES (1403,'Jerald Alfredo','Equador',25,220);
INSERT INTO JOGADOR (idJogador, nome, nacionalidade, idade, equipa) VALUES (1404,'Corneli Vance','Brasil',25,220);
INSERT INTO JOGADOR (idJogador, nome, nacionalidade, idade, equipa) VALUES (1405,'Dexter Walter','Venezuela',24,220);
INSERT INTO JOGADOR (idJogador, nome, nacionalidade, idade, equipa) VALUES (1406,'Bill Heath','Paraguai',19,220);
INSERT INTO JOGADOR (idJogador, nome, nacionalidade, idade, equipa) VALUES (1407,'Orville Jon','Peru',23,220);
INSERT INTO JOGADOR (idJogador, nome, nacionalidade, idade, equipa) VALUES (1408,'Mark Caleb','Paraguai',17,220);
INSERT INTO JOGADOR (idJogador, nome, nacionalidade, idade, equipa) VALUES (1409,'Roberto Grover','Chile',18,220);
INSERT INTO JOGADOR (idJogador, nome, nacionalidade, idade, equipa) VALUES (1410,'Geoffre Aubrey','Bolivia',17,220);
INSERT INTO JOGADOR (idJogador, nome, nacionalidade, idade, equipa) VALUES (1411,'Cole Elliott','Chile',16,220);
INSERT INTO JOGADOR (idJogador, nome, nacionalidade, idade, equipa) VALUES (1412,'Tommy Jamie','Equador',23,220);
INSERT INTO JOGADOR (idJogador, nome, nacionalidade, idade, equipa) VALUES (1413,'Victor Billy','Peru',22,220);
INSERT INTO JOGADOR (idJogador, nome, nacionalidade, idade, equipa) VALUES (1414,'Eric Kenny','Venezuela',22,220);
INSERT INTO JOGADOR (idJogador, nome, nacionalidade, idade, equipa) VALUES (1415,'Taylor Bert','Colombia',22,220);
INSERT INTO JOGADOR (idJogador, nome, nacionalidade, idade, equipa) VALUES (1416,'Timothy Edgar','Equador',17,220);
INSERT INTO JOGADOR (idJogador, nome, nacionalidade, idade, equipa) VALUES (1417,'Roy Liam','Peru',20,220);
INSERT INTO JOGADOR (idJogador, nome, nacionalidade, idade, equipa) VALUES (1418,'Logan Malcolm','Uruguai',17,220);
INSERT INTO JOGADOR (idJogador, nome, nacionalidade, idade, equipa) VALUES (1419,'Kayden Elbert','Uruguai',20,220);
INSERT INTO JOGADOR (idJogador, nome, nacionalidade, idade, equipa) VALUES (1420,'Jaiden Gavin','Uruguai',19,220);
INSERT INTO JOGADOR (idJogador, nome, nacionalidade, idade, equipa) VALUES (1421,'Terrenc Ira','Chile',23,221);
INSERT INTO JOGADOR (idJogador, nome, nacionalidade, idade, equipa) VALUES (1422,'Barry Zackary','Uruguai',21,221);
INSERT INTO JOGADOR (idJogador, nome, nacionalidade, idade, equipa) VALUES (1423,'Brent Caden','Colombia',20,221);
INSERT INTO JOGADOR (idJogador, nome, nacionalidade, idade, equipa) VALUES (1424,'Chandle Harlan','Paraguai',16,221);
INSERT INTO JOGADOR (idJogador, nome, nacionalidade, idade, equipa) VALUES (1425,'Devon Elijah','Brasil',19,221);
INSERT INTO JOGADOR (idJogador, nome, nacionalidade, idade, equipa) VALUES (1426,'Chase Damian','Bolivia',25,221);
INSERT INTO JOGADOR (idJogador, nome, nacionalidade, idade, equipa) VALUES (1427,'Bennie Everett','Chile',22,221);
INSERT INTO JOGADOR (idJogador, nome, nacionalidade, idade, equipa) VALUES (1428,'Sam Jerry','Peru',17,221);
INSERT INTO JOGADOR (idJogador, nome, nacionalidade, idade, equipa) VALUES (1429,'Casey Stephen','Equador',17,221);
INSERT INTO JOGADOR (idJogador, nome, nacionalidade, idade, equipa) VALUES (1430,'Asher Eldon','Peru',16,221);
INSERT INTO JOGADOR (idJogador, nome, nacionalidade, idade, equipa) VALUES (1431,'Dwight Loyd','Equador',19,221);
INSERT INTO JOGADOR (idJogador, nome, nacionalidade, idade, equipa) VALUES (1432,'Jermain Donnie','Equador',19,221);
INSERT INTO JOGADOR (idJogador, nome, nacionalidade, idade, equipa) VALUES (1433,'Cesar Glenn','Bolivia',24,221);
INSERT INTO JOGADOR (idJogador, nome, nacionalidade, idade, equipa) VALUES (1434,'Rex Robert','Bolivia',16,221);
INSERT INTO JOGADOR (idJogador, nome, nacionalidade, idade, equipa) VALUES (1435,'Miguel Gary','Chile',23,221);
INSERT INTO JOGADOR (idJogador, nome, nacionalidade, idade, equipa) VALUES (1436,'Toby Ed','Uruguai',25,221);
INSERT INTO JOGADOR (idJogador, nome, nacionalidade, idade, equipa) VALUES (1437,'Joel Oscar','Chile',22,221);
INSERT INTO JOGADOR (idJogador, nome, nacionalidade, idade, equipa) VALUES (1438,'Christi Randolp','Venezuela',23,221);
INSERT INTO JOGADOR (idJogador, nome, nacionalidade, idade, equipa) VALUES (1439,'Mack Otis','Venezuela',23,221);
INSERT INTO JOGADOR (idJogador, nome, nacionalidade, idade, equipa) VALUES (1440,'Otis Tony','Colombia',21,221);
INSERT INTO JOGADOR (idJogador, nome, nacionalidade, idade, equipa) VALUES (1441,'Pedro Bobby','Venezuela',21,221);
INSERT INTO JOGADOR (idJogador, nome, nacionalidade, idade, equipa) VALUES (1442,'Jackie Mario','Paraguai',24,222);
INSERT INTO JOGADOR (idJogador, nome, nacionalidade, idade, equipa) VALUES (1443,'Harriso Kent','Peru',19,222);
INSERT INTO JOGADOR (idJogador, nome, nacionalidade, idade, equipa) VALUES (1444,'Kody Brody','Chile',19,222);
INSERT INTO JOGADOR (idJogador, nome, nacionalidade, idade, equipa) VALUES (1445,'Mike Nicolas','Colombia',20,222);
INSERT INTO JOGADOR (idJogador, nome, nacionalidade, idade, equipa) VALUES (1446,'Ronnie Clarenc','Paraguai',25,222);
INSERT INTO JOGADOR (idJogador, nome, nacionalidade, idade, equipa) VALUES (1447,'Neal Jake','Chile',16,222);
INSERT INTO JOGADOR (idJogador, nome, nacionalidade, idade, equipa) VALUES (1448,'Blake Randolp','Chile',17,222);
INSERT INTO JOGADOR (idJogador, nome, nacionalidade, idade, equipa) VALUES (1449,'Luke Sherman','Paraguai',24,222);
INSERT INTO JOGADOR (idJogador, nome, nacionalidade, idade, equipa) VALUES (1450,'Martin Braden','Colombia',16,222);
INSERT INTO JOGADOR (idJogador, nome, nacionalidade, idade, equipa) VALUES (1451,'Oliver Dustin','Uruguai',22,222);
INSERT INTO JOGADOR (idJogador, nome, nacionalidade, idade, equipa) VALUES (1452,'Nickola Julius','Chile',23,222);
INSERT INTO JOGADOR (idJogador, nome, nacionalidade, idade, equipa) VALUES (1453,'Johnny Joey','Paraguai',24,222);
INSERT INTO JOGADOR (idJogador, nome, nacionalidade, idade, equipa) VALUES (1454,'Earl Saul','Argentina',20,222);
INSERT INTO JOGADOR (idJogador, nome, nacionalidade, idade, equipa) VALUES (1455,'Felipe Blaine','Chile',18,222);
INSERT INTO JOGADOR (idJogador, nome, nacionalidade, idade, equipa) VALUES (1456,'Tracy Rickey','Venezuela',23,222);
INSERT INTO JOGADOR (idJogador, nome, nacionalidade, idade, equipa) VALUES (1457,'Mickey Cary','Chile',25,222);
INSERT INTO JOGADOR (idJogador, nome, nacionalidade, idade, equipa) VALUES (1458,'Ayden Marlon','Uruguai',20,222);
INSERT INTO JOGADOR (idJogador, nome, nacionalidade, idade, equipa) VALUES (1459,'Buddy Dustin','Argentina',24,222);
INSERT INTO JOGADOR (idJogador, nome, nacionalidade, idade, equipa) VALUES (1460,'Lukas Shawn','Uruguai',18,222);
INSERT INTO JOGADOR (idJogador, nome, nacionalidade, idade, equipa) VALUES (1461,'Brad Tommy','Paraguai',16,222);
INSERT INTO JOGADOR (idJogador, nome, nacionalidade, idade, equipa) VALUES (1462,'Marlon Marco','Argentina',19,222);
INSERT INTO JOGADOR (idJogador, nome, nacionalidade, idade, equipa) VALUES (1463,'Andre Joey','Equador',17,223);
INSERT INTO JOGADOR (idJogador, nome, nacionalidade, idade, equipa) VALUES (1464,'Elias Jake','Uruguai',16,223);
INSERT INTO JOGADOR (idJogador, nome, nacionalidade, idade, equipa) VALUES (1465,'Duane Frankli','Bolivia',20,223);
INSERT INTO JOGADOR (idJogador, nome, nacionalidade, idade, equipa) VALUES (1466,'Allan Dwayne','Argentina',22,223);
INSERT INTO JOGADOR (idJogador, nome, nacionalidade, idade, equipa) VALUES (1467,'Sylvest Nicolas','Equador',25,223);
INSERT INTO JOGADOR (idJogador, nome, nacionalidade, idade, equipa) VALUES (1468,'Bryce Rory','Argentina',16,223);
INSERT INTO JOGADOR (idJogador, nome, nacionalidade, idade, equipa) VALUES (1469,'Sean Enrique','Colombia',19,223);
INSERT INTO JOGADOR (idJogador, nome, nacionalidade, idade, equipa) VALUES (1470,'Dwayne Preston','Colombia',20,223);
INSERT INTO JOGADOR (idJogador, nome, nacionalidade, idade, equipa) VALUES (1471,'Brian Rylan','Uruguai',23,223);
INSERT INTO JOGADOR (idJogador, nome, nacionalidade, idade, equipa) VALUES (1472,'Herman Abraham','Colombia',18,223);
INSERT INTO JOGADOR (idJogador, nome, nacionalidade, idade, equipa) VALUES (1473,'Rocky Collin','Chile',23,223);
INSERT INTO JOGADOR (idJogador, nome, nacionalidade, idade, equipa) VALUES (1474,'Rodney Charley','Paraguai',22,223);
INSERT INTO JOGADOR (idJogador, nome, nacionalidade, idade, equipa) VALUES (1475,'Branden Lonnie','Peru',22,223);
INSERT INTO JOGADOR (idJogador, nome, nacionalidade, idade, equipa) VALUES (1476,'Tom Wilbert','Uruguai',24,223);
INSERT INTO JOGADOR (idJogador, nome, nacionalidade, idade, equipa) VALUES (1477,'Reginal Reuben','Uruguai',21,223);
INSERT INTO JOGADOR (idJogador, nome, nacionalidade, idade, equipa) VALUES (1478,'Hector Kerry','Colombia',16,223);
INSERT INTO JOGADOR (idJogador, nome, nacionalidade, idade, equipa) VALUES (1479,'Lonnie Adam','Venezuela',18,223);
INSERT INTO JOGADOR (idJogador, nome, nacionalidade, idade, equipa) VALUES (1480,'Bryant Edgar','Paraguai',24,223);
INSERT INTO JOGADOR (idJogador, nome, nacionalidade, idade, equipa) VALUES (1481,'Gerard Norman','Paraguai',22,223);
INSERT INTO JOGADOR (idJogador, nome, nacionalidade, idade, equipa) VALUES (1482,'Eric Billy','Paraguai',18,223);
INSERT INTO JOGADOR (idJogador, nome, nacionalidade, idade, equipa) VALUES (1483,'Nathan Guiller','Uruguai',20,223);
INSERT INTO JOGADOR (idJogador, nome, nacionalidade, idade, equipa) VALUES (1484,'Carroll Freddie','Brasil',21,224);
INSERT INTO JOGADOR (idJogador, nome, nacionalidade, idade, equipa) VALUES (1485,'Jakob Julio','Bolivia',18,224);
INSERT INTO JOGADOR (idJogador, nome, nacionalidade, idade, equipa) VALUES (1486,'Harry Roy','Uruguai',22,224);
INSERT INTO JOGADOR (idJogador, nome, nacionalidade, idade, equipa) VALUES (1487,'Wade Rene','Venezuela',25,224);
INSERT INTO JOGADOR (idJogador, nome, nacionalidade, idade, equipa) VALUES (1488,'Skyler Steven','Argentina',22,224);
INSERT INTO JOGADOR (idJogador, nome, nacionalidade, idade, equipa) VALUES (1489,'Kameron Billy','Uruguai',25,224);
INSERT INTO JOGADOR (idJogador, nome, nacionalidade, idade, equipa) VALUES (1490,'Desmond Fernand','Equador',25,224);
INSERT INTO JOGADOR (idJogador, nome, nacionalidade, idade, equipa) VALUES (1491,'Geoffre Harvey','Chile',25,224);
INSERT INTO JOGADOR (idJogador, nome, nacionalidade, idade, equipa) VALUES (1492,'Lucas Jason','Colombia',17,224);
INSERT INTO JOGADOR (idJogador, nome, nacionalidade, idade, equipa) VALUES (1493,'Amir Trey','Argentina',18,224);
INSERT INTO JOGADOR (idJogador, nome, nacionalidade, idade, equipa) VALUES (1494,'Dominic Bennett','Peru',23,224);
INSERT INTO JOGADOR (idJogador, nome, nacionalidade, idade, equipa) VALUES (1495,'Nick Frankie','Uruguai',18,224);
INSERT INTO JOGADOR (idJogador, nome, nacionalidade, idade, equipa) VALUES (1496,'Casey Pablo','Argentina',17,224);
INSERT INTO JOGADOR (idJogador, nome, nacionalidade, idade, equipa) VALUES (1497,'Max Alexis','Argentina',21,224);
INSERT INTO JOGADOR (idJogador, nome, nacionalidade, idade, equipa) VALUES (1498,'Wendell Roy','Equador',21,224);
INSERT INTO JOGADOR (idJogador, nome, nacionalidade, idade, equipa) VALUES (1499,'Hunter Will','Peru',23,224);
INSERT INTO JOGADOR (idJogador, nome, nacionalidade, idade, equipa) VALUES (1500,'Clay Deandre','Colombia',24,224);
INSERT INTO JOGADOR (idJogador, nome, nacionalidade, idade, equipa) VALUES (1501,'Burton Luther','Chile',18,224);
INSERT INTO JOGADOR (idJogador, nome, nacionalidade, idade, equipa) VALUES (1502,'Jaiden Danny','Brasil',18,224);
INSERT INTO JOGADOR (idJogador, nome, nacionalidade, idade, equipa) VALUES (1503,'Kent Pedro','Argentina',21,224);
INSERT INTO JOGADOR (idJogador, nome, nacionalidade, idade, equipa) VALUES (1504,'Shane Martin','Bolivia',25,224);
INSERT INTO JOGADOR (idJogador, nome, nacionalidade, idade, equipa) VALUES (1505,'Kenneth Carl','Uruguai',21,225);
INSERT INTO JOGADOR (idJogador, nome, nacionalidade, idade, equipa) VALUES (1506,'Benny Marlon','Equador',16,225);
INSERT INTO JOGADOR (idJogador, nome, nacionalidade, idade, equipa) VALUES (1507,'Mickey Rocco','Bolivia',23,225);
INSERT INTO JOGADOR (idJogador, nome, nacionalidade, idade, equipa) VALUES (1508,'Cade Christo','Venezuela',23,225);
INSERT INTO JOGADOR (idJogador, nome, nacionalidade, idade, equipa) VALUES (1509,'Tomas Dennis','Chile',24,225);
INSERT INTO JOGADOR (idJogador, nome, nacionalidade, idade, equipa) VALUES (1510,'Jonatho Nichola','Venezuela',22,225);
INSERT INTO JOGADOR (idJogador, nome, nacionalidade, idade, equipa) VALUES (1511,'Ramon Clark','Chile',25,225);
INSERT INTO JOGADOR (idJogador, nome, nacionalidade, idade, equipa) VALUES (1512,'Jalen Randy','Paraguai',23,225);
INSERT INTO JOGADOR (idJogador, nome, nacionalidade, idade, equipa) VALUES (1513,'Rodrigo Will','Paraguai',17,225);
INSERT INTO JOGADOR (idJogador, nome, nacionalidade, idade, equipa) VALUES (1514,'Zackary Rafael','Paraguai',20,225);
INSERT INTO JOGADOR (idJogador, nome, nacionalidade, idade, equipa) VALUES (1515,'Brent Irving','Equador',22,225);
INSERT INTO JOGADOR (idJogador, nome, nacionalidade, idade, equipa) VALUES (1516,'Kyle Jerome','Bolivia',16,225);
INSERT INTO JOGADOR (idJogador, nome, nacionalidade, idade, equipa) VALUES (1517,'Troy Jarrod','Uruguai',23,225);
INSERT INTO JOGADOR (idJogador, nome, nacionalidade, idade, equipa) VALUES (1518,'Bradley Roberto','Brasil',21,225);
INSERT INTO JOGADOR (idJogador, nome, nacionalidade, idade, equipa) VALUES (1519,'Harlan Carlos','Argentina',18,225);
INSERT INTO JOGADOR (idJogador, nome, nacionalidade, idade, equipa) VALUES (1520,'Harvey Grant','Paraguai',22,225);
INSERT INTO JOGADOR (idJogador, nome, nacionalidade, idade, equipa) VALUES (1521,'Sterlin Johnie','Chile',19,225);
INSERT INTO JOGADOR (idJogador, nome, nacionalidade, idade, equipa) VALUES (1522,'Pedro Ralph','Paraguai',19,225);
INSERT INTO JOGADOR (idJogador, nome, nacionalidade, idade, equipa) VALUES (1523,'August Billy','Paraguai',21,225);
INSERT INTO JOGADOR (idJogador, nome, nacionalidade, idade, equipa) VALUES (1524,'Jessie Ronald','Peru',21,225);
INSERT INTO JOGADOR (idJogador, nome, nacionalidade, idade, equipa) VALUES (1525,'Harlan Tom','Colombia',16,225);
INSERT INTO JOGADOR (idJogador, nome, nacionalidade, idade, equipa) VALUES (1526,'Doug Reuben','Chile',19,226);
INSERT INTO JOGADOR (idJogador, nome, nacionalidade, idade, equipa) VALUES (1527,'Camden Barry','Equador',18,226);
INSERT INTO JOGADOR (idJogador, nome, nacionalidade, idade, equipa) VALUES (1528,'Toby Delbert','Brasil',16,226);
INSERT INTO JOGADOR (idJogador, nome, nacionalidade, idade, equipa) VALUES (1529,'Maurice Lorenzo','Chile',23,226);
INSERT INTO JOGADOR (idJogador, nome, nacionalidade, idade, equipa) VALUES (1530,'Jalen Oliver','Bolivia',25,226);
INSERT INTO JOGADOR (idJogador, nome, nacionalidade, idade, equipa) VALUES (1531,'Eugene Austin','Paraguai',25,226);
INSERT INTO JOGADOR (idJogador, nome, nacionalidade, idade, equipa) VALUES (1532,'Tanner Spencer','Argentina',17,226);
INSERT INTO JOGADOR (idJogador, nome, nacionalidade, idade, equipa) VALUES (1533,'Cayden Marquis','Bolivia',21,226);
INSERT INTO JOGADOR (idJogador, nome, nacionalidade, idade, equipa) VALUES (1534,'Keith Duane','Uruguai',19,226);
INSERT INTO JOGADOR (idJogador, nome, nacionalidade, idade, equipa) VALUES (1535,'Neal Sherman','Bolivia',22,226);
INSERT INTO JOGADOR (idJogador, nome, nacionalidade, idade, equipa) VALUES (1536,'Harry Jasper','Paraguai',16,226);
INSERT INTO JOGADOR (idJogador, nome, nacionalidade, idade, equipa) VALUES (1537,'Corneli Mario','Venezuela',16,226);
INSERT INTO JOGADOR (idJogador, nome, nacionalidade, idade, equipa) VALUES (1538,'Elbert Theodor','Brasil',17,226);
INSERT INTO JOGADOR (idJogador, nome, nacionalidade, idade, equipa) VALUES (1539,'Russell Tracy','Peru',23,226);
INSERT INTO JOGADOR (idJogador, nome, nacionalidade, idade, equipa) VALUES (1540,'Jonatha Robert','Peru',19,226);
INSERT INTO JOGADOR (idJogador, nome, nacionalidade, idade, equipa) VALUES (1541,'Grayson Jackson','Venezuela',22,226);
INSERT INTO JOGADOR (idJogador, nome, nacionalidade, idade, equipa) VALUES (1542,'Clay Wesley','Chile',22,226);
INSERT INTO JOGADOR (idJogador, nome, nacionalidade, idade, equipa) VALUES (1543,'Silas Leslie','Colombia',18,226);
INSERT INTO JOGADOR (idJogador, nome, nacionalidade, idade, equipa) VALUES (1544,'Andres Jaiden','Bolivia',25,226);
INSERT INTO JOGADOR (idJogador, nome, nacionalidade, idade, equipa) VALUES (1545,'Omar Alfredo','Paraguai',22,226);
INSERT INTO JOGADOR (idJogador, nome, nacionalidade, idade, equipa) VALUES (1546,'Parker Marion','Chile',20,226);
INSERT INTO JOGADOR (idJogador, nome, nacionalidade, idade, equipa) VALUES (1547,'Jimmie Ian','Uruguai',16,227);
INSERT INTO JOGADOR (idJogador, nome, nacionalidade, idade, equipa) VALUES (1548,'Jorge George','Chile',21,227);
INSERT INTO JOGADOR (idJogador, nome, nacionalidade, idade, equipa) VALUES (1549,'Christo Marquis','Paraguai',22,227);
INSERT INTO JOGADOR (idJogador, nome, nacionalidade, idade, equipa) VALUES (1550,'Sherman Richard','Chile',23,227);
INSERT INTO JOGADOR (idJogador, nome, nacionalidade, idade, equipa) VALUES (1551,'Vincent Freddy','Colombia',22,227);
INSERT INTO JOGADOR (idJogador, nome, nacionalidade, idade, equipa) VALUES (1552,'Pedro Elliott','Bolivia',23,227);
INSERT INTO JOGADOR (idJogador, nome, nacionalidade, idade, equipa) VALUES (1553,'Jay Sammy','Colombia',20,227);
INSERT INTO JOGADOR (idJogador, nome, nacionalidade, idade, equipa) VALUES (1554,'Stewart Byron','Venezuela',24,227);
INSERT INTO JOGADOR (idJogador, nome, nacionalidade, idade, equipa) VALUES (1555,'Frankie Joaquin','Uruguai',19,227);
INSERT INTO JOGADOR (idJogador, nome, nacionalidade, idade, equipa) VALUES (1556,'Gregory Adrian','Bolivia',17,227);
INSERT INTO JOGADOR (idJogador, nome, nacionalidade, idade, equipa) VALUES (1557,'Jaxon Edgar','Venezuela',16,227);
INSERT INTO JOGADOR (idJogador, nome, nacionalidade, idade, equipa) VALUES (1558,'Julian Patrick','Peru',20,227);
INSERT INTO JOGADOR (idJogador, nome, nacionalidade, idade, equipa) VALUES (1559,'Sawyer Kyle','Bolivia',16,227);
INSERT INTO JOGADOR (idJogador, nome, nacionalidade, idade, equipa) VALUES (1560,'Angelo Lukas','Equador',24,227);
INSERT INTO JOGADOR (idJogador, nome, nacionalidade, idade, equipa) VALUES (1561,'Santiag Diego','Brasil',24,227);
INSERT INTO JOGADOR (idJogador, nome, nacionalidade, idade, equipa) VALUES (1562,'Ben Tristan','Equador',20,227);
INSERT INTO JOGADOR (idJogador, nome, nacionalidade, idade, equipa) VALUES (1563,'Ayden Jack','Chile',16,227);
INSERT INTO JOGADOR (idJogador, nome, nacionalidade, idade, equipa) VALUES (1564,'Marcus Ronnie','Brasil',18,227);
INSERT INTO JOGADOR (idJogador, nome, nacionalidade, idade, equipa) VALUES (1565,'Jaxson Raymond','Brasil',21,227);
INSERT INTO JOGADOR (idJogador, nome, nacionalidade, idade, equipa) VALUES (1566,'Brenden Amir','Colombia',23,227);
INSERT INTO JOGADOR (idJogador, nome, nacionalidade, idade, equipa) VALUES (1567,'Jackson Adan','Argentina',22,227);
INSERT INTO JOGADOR (idJogador, nome, nacionalidade, idade, equipa) VALUES (1568,'Lynn Jarrett','Chile',18,228);
INSERT INTO JOGADOR (idJogador, nome, nacionalidade, idade, equipa) VALUES (1569,'Adrian Sawyer','Equador',16,228);
INSERT INTO JOGADOR (idJogador, nome, nacionalidade, idade, equipa) VALUES (1570,'Johnnie Clinton','Uruguai',21,228);
INSERT INTO JOGADOR (idJogador, nome, nacionalidade, idade, equipa) VALUES (1571,'Eldon Royce','Chile',21,228);
INSERT INTO JOGADOR (idJogador, nome, nacionalidade, idade, equipa) VALUES (1572,'Corey Roland','Brasil',23,228);
INSERT INTO JOGADOR (idJogador, nome, nacionalidade, idade, equipa) VALUES (1573,'Cade Tyson','Equador',17,228);
INSERT INTO JOGADOR (idJogador, nome, nacionalidade, idade, equipa) VALUES (1574,'Darren Dakota','Argentina',21,228);
INSERT INTO JOGADOR (idJogador, nome, nacionalidade, idade, equipa) VALUES (1575,'Brock Carter','Bolivia',21,228);
INSERT INTO JOGADOR (idJogador, nome, nacionalidade, idade, equipa) VALUES (1576,'Ezekiel Silas','Argentina',20,228);
INSERT INTO JOGADOR (idJogador, nome, nacionalidade, idade, equipa) VALUES (1577,'Jody Abraham','Chile',19,228);
INSERT INTO JOGADOR (idJogador, nome, nacionalidade, idade, equipa) VALUES (1578,'Karl Kurt','Chile',20,228);
INSERT INTO JOGADOR (idJogador, nome, nacionalidade, idade, equipa) VALUES (1579,'Lamar Cesar','Chile',17,228);
INSERT INTO JOGADOR (idJogador, nome, nacionalidade, idade, equipa) VALUES (1580,'Larry Gene','Uruguai',22,228);
INSERT INTO JOGADOR (idJogador, nome, nacionalidade, idade, equipa) VALUES (1581,'Theodor Loyd','Brasil',16,228);
INSERT INTO JOGADOR (idJogador, nome, nacionalidade, idade, equipa) VALUES (1582,'Rodney Stuart','Paraguai',25,228);
INSERT INTO JOGADOR (idJogador, nome, nacionalidade, idade, equipa) VALUES (1583,'Brady Ernesto','Venezuela',19,228);
INSERT INTO JOGADOR (idJogador, nome, nacionalidade, idade, equipa) VALUES (1584,'Lincoln Scott','Colombia',24,228);
INSERT INTO JOGADOR (idJogador, nome, nacionalidade, idade, equipa) VALUES (1585,'Julian Terrell','Equador',21,228);
INSERT INTO JOGADOR (idJogador, nome, nacionalidade, idade, equipa) VALUES (1586,'Russell Van','Uruguai',23,228);
INSERT INTO JOGADOR (idJogador, nome, nacionalidade, idade, equipa) VALUES (1587,'Tracy Dick','Chile',16,228);
INSERT INTO JOGADOR (idJogador, nome, nacionalidade, idade, equipa) VALUES (1588,'Phillip Marion','Bolivia',24,228);
INSERT INTO JOGADOR (idJogador, nome, nacionalidade, idade, equipa) VALUES (1589,'Riley Ayden','Colombia',18,229);
INSERT INTO JOGADOR (idJogador, nome, nacionalidade, idade, equipa) VALUES (1590,'Jesse August','Venezuela',25,229);
INSERT INTO JOGADOR (idJogador, nome, nacionalidade, idade, equipa) VALUES (1591,'Dean Gene','Brasil',18,229);
INSERT INTO JOGADOR (idJogador, nome, nacionalidade, idade, equipa) VALUES (1592,'Drake Dana','Bolivia',18,229);
INSERT INTO JOGADOR (idJogador, nome, nacionalidade, idade, equipa) VALUES (1593,'Arturo Ron','Equador',24,229);
INSERT INTO JOGADOR (idJogador, nome, nacionalidade, idade, equipa) VALUES (1594,'Bob Sherman','Chile',23,229);
INSERT INTO JOGADOR (idJogador, nome, nacionalidade, idade, equipa) VALUES (1595,'Gavin Gage','Colombia',21,229);
INSERT INTO JOGADOR (idJogador, nome, nacionalidade, idade, equipa) VALUES (1596,'Jaxson Rocco','Venezuela',24,229);
INSERT INTO JOGADOR (idJogador, nome, nacionalidade, idade, equipa) VALUES (1597,'Rocky Chandle','Equador',19,229);
INSERT INTO JOGADOR (idJogador, nome, nacionalidade, idade, equipa) VALUES (1598,'Derek Roman','Uruguai',23,229);
INSERT INTO JOGADOR (idJogador, nome, nacionalidade, idade, equipa) VALUES (1599,'Brennan Nelson','Peru',23,229);
INSERT INTO JOGADOR (idJogador, nome, nacionalidade, idade, equipa) VALUES (1600,'Jamie Manuel','Paraguai',21,229);
INSERT INTO JOGADOR (idJogador, nome, nacionalidade, idade, equipa) VALUES (1601,'Gilbert Erik','Brasil',16,229);
INSERT INTO JOGADOR (idJogador, nome, nacionalidade, idade, equipa) VALUES (1602,'Grady Grant','Chile',24,229);
INSERT INTO JOGADOR (idJogador, nome, nacionalidade, idade, equipa) VALUES (1603,'Kai Ali','Brasil',17,229);
INSERT INTO JOGADOR (idJogador, nome, nacionalidade, idade, equipa) VALUES (1604,'Lorenzo Otis','Equador',17,229);
INSERT INTO JOGADOR (idJogador, nome, nacionalidade, idade, equipa) VALUES (1605,'Colton Jacob','Uruguai',24,229);
INSERT INTO JOGADOR (idJogador, nome, nacionalidade, idade, equipa) VALUES (1606,'Randal Bob','Peru',24,229);
INSERT INTO JOGADOR (idJogador, nome, nacionalidade, idade, equipa) VALUES (1607,'Preston Brian','Bolivia',18,229);
INSERT INTO JOGADOR (idJogador, nome, nacionalidade, idade, equipa) VALUES (1608,'Trenton Stephen','Venezuela',22,229);
INSERT INTO JOGADOR (idJogador, nome, nacionalidade, idade, equipa) VALUES (1609,'Benjami Johnny','Uruguai',21,229);
INSERT INTO JOGADOR (idJogador, nome, nacionalidade, idade, equipa) VALUES (1610,'Zachery Ernesto','Paraguai',19,230);
INSERT INTO JOGADOR (idJogador, nome, nacionalidade, idade, equipa) VALUES (1611,'Josiah Kendall','Paraguai',18,230);
INSERT INTO JOGADOR (idJogador, nome, nacionalidade, idade, equipa) VALUES (1612,'Jose Cole','Paraguai',19,230);
INSERT INTO JOGADOR (idJogador, nome, nacionalidade, idade, equipa) VALUES (1613,'Billy Jarrett','Colombia',24,230);
INSERT INTO JOGADOR (idJogador, nome, nacionalidade, idade, equipa) VALUES (1614,'Rex Virgil','Uruguai',19,230);
INSERT INTO JOGADOR (idJogador, nome, nacionalidade, idade, equipa) VALUES (1615,'Cody Wade','Chile',22,230);
INSERT INTO JOGADOR (idJogador, nome, nacionalidade, idade, equipa) VALUES (1616,'Clayton Roderic','Uruguai',16,230);
INSERT INTO JOGADOR (idJogador, nome, nacionalidade, idade, equipa) VALUES (1617,'Jaxon Johnath','Paraguai',25,230);
INSERT INTO JOGADOR (idJogador, nome, nacionalidade, idade, equipa) VALUES (1618,'Dana Chris','Uruguai',21,230);
INSERT INTO JOGADOR (idJogador, nome, nacionalidade, idade, equipa) VALUES (1619,'Clayton Timothy','Equador',23,230);
INSERT INTO JOGADOR (idJogador, nome, nacionalidade, idade, equipa) VALUES (1620,'Joel Richard','Venezuela',17,230);
INSERT INTO JOGADOR (idJogador, nome, nacionalidade, idade, equipa) VALUES (1621,'Perry Kirk','Bolivia',21,230);
INSERT INTO JOGADOR (idJogador, nome, nacionalidade, idade, equipa) VALUES (1622,'Ronald Marlon','Chile',20,230);
INSERT INTO JOGADOR (idJogador, nome, nacionalidade, idade, equipa) VALUES (1623,'Rocco Alec','Bolivia',18,230);
INSERT INTO JOGADOR (idJogador, nome, nacionalidade, idade, equipa) VALUES (1624,'Kenny Morris','Venezuela',18,230);
INSERT INTO JOGADOR (idJogador, nome, nacionalidade, idade, equipa) VALUES (1625,'Karl Kirk','Colombia',16,230);
INSERT INTO JOGADOR (idJogador, nome, nacionalidade, idade, equipa) VALUES (1626,'Jesse Mitchel','Colombia',24,230);
INSERT INTO JOGADOR (idJogador, nome, nacionalidade, idade, equipa) VALUES (1627,'Ty Miguel','Paraguai',18,230);
INSERT INTO JOGADOR (idJogador, nome, nacionalidade, idade, equipa) VALUES (1628,'Percy Lyle','Bolivia',23,230);
INSERT INTO JOGADOR (idJogador, nome, nacionalidade, idade, equipa) VALUES (1629,'Wallace Tyrone','Bolivia',25,230);
INSERT INTO JOGADOR (idJogador, nome, nacionalidade, idade, equipa) VALUES (1630,'Drake Nathani','Equador',17,230);
INSERT INTO JOGADOR (idJogador, nome, nacionalidade, idade, equipa) VALUES (1631,'Teddy Elbert','Brasil',25,231);
INSERT INTO JOGADOR (idJogador, nome, nacionalidade, idade, equipa) VALUES (1632,'Randy Craig','Colombia',17,231);
INSERT INTO JOGADOR (idJogador, nome, nacionalidade, idade, equipa) VALUES (1633,'Parker Jamie','Chile',20,231);
INSERT INTO JOGADOR (idJogador, nome, nacionalidade, idade, equipa) VALUES (1634,'Dallas Daniel','Colombia',24,231);
INSERT INTO JOGADOR (idJogador, nome, nacionalidade, idade, equipa) VALUES (1635,'Arthur Noah','Brasil',18,231);
INSERT INTO JOGADOR (idJogador, nome, nacionalidade, idade, equipa) VALUES (1636,'Bret Harley','Venezuela',19,231);
INSERT INTO JOGADOR (idJogador, nome, nacionalidade, idade, equipa) VALUES (1637,'Chester Christi','Venezuela',21,231);
INSERT INTO JOGADOR (idJogador, nome, nacionalidade, idade, equipa) VALUES (1638,'Wilbert Andre','Bolivia',25,231);
INSERT INTO JOGADOR (idJogador, nome, nacionalidade, idade, equipa) VALUES (1639,'Bryan Harvey','Equador',23,231);
INSERT INTO JOGADOR (idJogador, nome, nacionalidade, idade, equipa) VALUES (1640,'Sergio Karl','Venezuela',19,231);
INSERT INTO JOGADOR (idJogador, nome, nacionalidade, idade, equipa) VALUES (1641,'Eric Terranc','Equador',16,231);
INSERT INTO JOGADOR (idJogador, nome, nacionalidade, idade, equipa) VALUES (1642,'Harriso Leonard','Colombia',17,231);
INSERT INTO JOGADOR (idJogador, nome, nacionalidade, idade, equipa) VALUES (1643,'Albert Fernand','Chile',24,231);
INSERT INTO JOGADOR (idJogador, nome, nacionalidade, idade, equipa) VALUES (1644,'Rocco Rene','Bolivia',23,231);
INSERT INTO JOGADOR (idJogador, nome, nacionalidade, idade, equipa) VALUES (1645,'Stewart Bobby','Venezuela',18,231);
INSERT INTO JOGADOR (idJogador, nome, nacionalidade, idade, equipa) VALUES (1646,'Matt Reginal','Bolivia',21,231);
INSERT INTO JOGADOR (idJogador, nome, nacionalidade, idade, equipa) VALUES (1647,'Leonard Lewis','Paraguai',16,231);
INSERT INTO JOGADOR (idJogador, nome, nacionalidade, idade, equipa) VALUES (1648,'Felipe Antoine','Peru',18,231);
INSERT INTO JOGADOR (idJogador, nome, nacionalidade, idade, equipa) VALUES (1649,'Kenneth Parker','Equador',23,231);
INSERT INTO JOGADOR (idJogador, nome, nacionalidade, idade, equipa) VALUES (1650,'Terry Branden','Argentina',22,231);
INSERT INTO JOGADOR (idJogador, nome, nacionalidade, idade, equipa) VALUES (1651,'Will Antonio','Peru',21,231);
INSERT INTO JOGADOR (idJogador, nome, nacionalidade, idade, equipa) VALUES (1652,'Wendell Chester','Chile',17,232);
INSERT INTO JOGADOR (idJogador, nome, nacionalidade, idade, equipa) VALUES (1653,'Drake Eugene','Uruguai',18,232);
INSERT INTO JOGADOR (idJogador, nome, nacionalidade, idade, equipa) VALUES (1654,'Xavier Rene','Equador',23,232);
INSERT INTO JOGADOR (idJogador, nome, nacionalidade, idade, equipa) VALUES (1655,'Frank Herman','Bolivia',22,232);
INSERT INTO JOGADOR (idJogador, nome, nacionalidade, idade, equipa) VALUES (1656,'Zachary Troy','Brasil',17,232);
INSERT INTO JOGADOR (idJogador, nome, nacionalidade, idade, equipa) VALUES (1657,'Alejand Trevor','Colombia',16,232);
INSERT INTO JOGADOR (idJogador, nome, nacionalidade, idade, equipa) VALUES (1658,'Francis Merle','Peru',21,232);
INSERT INTO JOGADOR (idJogador, nome, nacionalidade, idade, equipa) VALUES (1659,'Cayden Jose','Equador',23,232);
INSERT INTO JOGADOR (idJogador, nome, nacionalidade, idade, equipa) VALUES (1660,'Austin Tyson','Brasil',19,232);
INSERT INTO JOGADOR (idJogador, nome, nacionalidade, idade, equipa) VALUES (1661,'Levi Timmy','Venezuela',23,232);
INSERT INTO JOGADOR (idJogador, nome, nacionalidade, idade, equipa) VALUES (1662,'Frank Amos','Peru',24,232);
INSERT INTO JOGADOR (idJogador, nome, nacionalidade, idade, equipa) VALUES (1663,'Noah Harley','Uruguai',21,232);
INSERT INTO JOGADOR (idJogador, nome, nacionalidade, idade, equipa) VALUES (1664,'Alec Frederi','Equador',22,232);
INSERT INTO JOGADOR (idJogador, nome, nacionalidade, idade, equipa) VALUES (1665,'Jace Wilbur','Argentina',24,232);
INSERT INTO JOGADOR (idJogador, nome, nacionalidade, idade, equipa) VALUES (1666,'Kody Jonatho','Colombia',21,232);
INSERT INTO JOGADOR (idJogador, nome, nacionalidade, idade, equipa) VALUES (1667,'Jakob Rickey','Peru',20,232);
INSERT INTO JOGADOR (idJogador, nome, nacionalidade, idade, equipa) VALUES (1668,'Wallace Sherman','Bolivia',24,232);
INSERT INTO JOGADOR (idJogador, nome, nacionalidade, idade, equipa) VALUES (1669,'Ramon Kendric','Equador',17,232);
INSERT INTO JOGADOR (idJogador, nome, nacionalidade, idade, equipa) VALUES (1670,'Christo Ian','Brasil',16,232);
INSERT INTO JOGADOR (idJogador, nome, nacionalidade, idade, equipa) VALUES (1671,'Manuel Victor','Bolivia',16,232);
INSERT INTO JOGADOR (idJogador, nome, nacionalidade, idade, equipa) VALUES (1672,'Stephen Ben','Colombia',22,232);
INSERT INTO JOGADOR (idJogador, nome, nacionalidade, idade, equipa) VALUES (1673,'Quinn Aiden','Uruguai',20,233);
INSERT INTO JOGADOR (idJogador, nome, nacionalidade, idade, equipa) VALUES (1674,'Andre Juan','Colombia',22,233);
INSERT INTO JOGADOR (idJogador, nome, nacionalidade, idade, equipa) VALUES (1675,'Frederi Billy','Bolivia',21,233);
INSERT INTO JOGADOR (idJogador, nome, nacionalidade, idade, equipa) VALUES (1676,'Clayton Don','Uruguai',18,233);
INSERT INTO JOGADOR (idJogador, nome, nacionalidade, idade, equipa) VALUES (1677,'Blaine Abel','Bolivia',19,233);
INSERT INTO JOGADOR (idJogador, nome, nacionalidade, idade, equipa) VALUES (1678,'Johnny Angel','Argentina',22,233);
INSERT INTO JOGADOR (idJogador, nome, nacionalidade, idade, equipa) VALUES (1679,'Mitchel Ellis','Venezuela',16,233);
INSERT INTO JOGADOR (idJogador, nome, nacionalidade, idade, equipa) VALUES (1680,'Preston Dylan','Peru',17,233);
INSERT INTO JOGADOR (idJogador, nome, nacionalidade, idade, equipa) VALUES (1681,'Marion Kristop','Chile',16,233);
INSERT INTO JOGADOR (idJogador, nome, nacionalidade, idade, equipa) VALUES (1682,'Dick Anthony','Paraguai',20,233);
INSERT INTO JOGADOR (idJogador, nome, nacionalidade, idade, equipa) VALUES (1683,'Rudy Hunter','Uruguai',21,233);
INSERT INTO JOGADOR (idJogador, nome, nacionalidade, idade, equipa) VALUES (1684,'Jalen Gerard','Paraguai',21,233);
INSERT INTO JOGADOR (idJogador, nome, nacionalidade, idade, equipa) VALUES (1685,'Demetri Louis','Venezuela',16,233);
INSERT INTO JOGADOR (idJogador, nome, nacionalidade, idade, equipa) VALUES (1686,'Ron Cristia','Brasil',20,233);
INSERT INTO JOGADOR (idJogador, nome, nacionalidade, idade, equipa) VALUES (1687,'Edmond Merle','Chile',17,233);
INSERT INTO JOGADOR (idJogador, nome, nacionalidade, idade, equipa) VALUES (1688,'Dean Kyle','Peru',24,233);
INSERT INTO JOGADOR (idJogador, nome, nacionalidade, idade, equipa) VALUES (1689,'Skyler Taylor','Peru',22,233);
INSERT INTO JOGADOR (idJogador, nome, nacionalidade, idade, equipa) VALUES (1690,'Sean Pablo','Brasil',23,233);
INSERT INTO JOGADOR (idJogador, nome, nacionalidade, idade, equipa) VALUES (1691,'Jackie Bill','Argentina',17,233);
INSERT INTO JOGADOR (idJogador, nome, nacionalidade, idade, equipa) VALUES (1692,'Orville Stephan','Venezuela',16,233);
INSERT INTO JOGADOR (idJogador, nome, nacionalidade, idade, equipa) VALUES (1693,'Jayson Connor','Paraguai',21,233);
INSERT INTO JOGADOR (idJogador, nome, nacionalidade, idade, equipa) VALUES (1694,'Rick Colton','Equador',21,234);
INSERT INTO JOGADOR (idJogador, nome, nacionalidade, idade, equipa) VALUES (1695,'Kirk Scott','Venezuela',25,234);
INSERT INTO JOGADOR (idJogador, nome, nacionalidade, idade, equipa) VALUES (1696,'Reuben Daryl','Argentina',22,234);
INSERT INTO JOGADOR (idJogador, nome, nacionalidade, idade, equipa) VALUES (1697,'Gregory Abraham','Bolivia',16,234);
INSERT INTO JOGADOR (idJogador, nome, nacionalidade, idade, equipa) VALUES (1698,'Tomas Luke','Chile',23,234);
INSERT INTO JOGADOR (idJogador, nome, nacionalidade, idade, equipa) VALUES (1699,'Ellis Ruben','Peru',20,234);
INSERT INTO JOGADOR (idJogador, nome, nacionalidade, idade, equipa) VALUES (1700,'Nichola Jordan','Equador',24,234);
INSERT INTO JOGADOR (idJogador, nome, nacionalidade, idade, equipa) VALUES (1701,'Corbin Andy','Venezuela',16,234);
INSERT INTO JOGADOR (idJogador, nome, nacionalidade, idade, equipa) VALUES (1702,'Larry Rodrigo','Paraguai',24,234);
INSERT INTO JOGADOR (idJogador, nome, nacionalidade, idade, equipa) VALUES (1703,'Rudolph Jake','Chile',25,234);
INSERT INTO JOGADOR (idJogador, nome, nacionalidade, idade, equipa) VALUES (1704,'Colby Nichola','Colombia',19,234);
INSERT INTO JOGADOR (idJogador, nome, nacionalidade, idade, equipa) VALUES (1705,'Christo Trevor','Equador',24,234);
INSERT INTO JOGADOR (idJogador, nome, nacionalidade, idade, equipa) VALUES (1706,'Travis Cary','Colombia',20,234);
INSERT INTO JOGADOR (idJogador, nome, nacionalidade, idade, equipa) VALUES (1707,'Ezra Horace','Colombia',25,234);
INSERT INTO JOGADOR (idJogador, nome, nacionalidade, idade, equipa) VALUES (1708,'Edwin Chris','Uruguai',21,234);
INSERT INTO JOGADOR (idJogador, nome, nacionalidade, idade, equipa) VALUES (1709,'Harvey Bernard','Chile',23,234);
INSERT INTO JOGADOR (idJogador, nome, nacionalidade, idade, equipa) VALUES (1710,'Reginal Morris','Argentina',19,234);
INSERT INTO JOGADOR (idJogador, nome, nacionalidade, idade, equipa) VALUES (1711,'Doug Willie','Paraguai',16,234);
INSERT INTO JOGADOR (idJogador, nome, nacionalidade, idade, equipa) VALUES (1712,'Carroll Francis','Venezuela',17,234);
INSERT INTO JOGADOR (idJogador, nome, nacionalidade, idade, equipa) VALUES (1713,'Brock Brent','Bolivia',24,234);
INSERT INTO JOGADOR (idJogador, nome, nacionalidade, idade, equipa) VALUES (1714,'Darius Felix','Bolivia',19,234);
INSERT INTO JOGADOR (idJogador, nome, nacionalidade, idade, equipa) VALUES (1715,'Dana Ayden','Brasil',19,235);
INSERT INTO JOGADOR (idJogador, nome, nacionalidade, idade, equipa) VALUES (1716,'Tyler Howard','Chile',24,235);
INSERT INTO JOGADOR (idJogador, nome, nacionalidade, idade, equipa) VALUES (1717,'Emmett Guy','Uruguai',16,235);
INSERT INTO JOGADOR (idJogador, nome, nacionalidade, idade, equipa) VALUES (1718,'Randal Ivan','Chile',21,235);
INSERT INTO JOGADOR (idJogador, nome, nacionalidade, idade, equipa) VALUES (1719,'Brayden Daniel','Paraguai',19,235);
INSERT INTO JOGADOR (idJogador, nome, nacionalidade, idade, equipa) VALUES (1720,'Clayton William','Uruguai',23,235);
INSERT INTO JOGADOR (idJogador, nome, nacionalidade, idade, equipa) VALUES (1721,'Alex Elijah','Bolivia',19,235);
INSERT INTO JOGADOR (idJogador, nome, nacionalidade, idade, equipa) VALUES (1722,'Kenneth Alfredo','Colombia',17,235);
INSERT INTO JOGADOR (idJogador, nome, nacionalidade, idade, equipa) VALUES (1723,'Otis Gene','Brasil',22,235);
INSERT INTO JOGADOR (idJogador, nome, nacionalidade, idade, equipa) VALUES (1724,'Dean Graham','Equador',18,235);
INSERT INTO JOGADOR (idJogador, nome, nacionalidade, idade, equipa) VALUES (1725,'Lance Patrick','Uruguai',21,235);
INSERT INTO JOGADOR (idJogador, nome, nacionalidade, idade, equipa) VALUES (1726,'Milton Brayden','Paraguai',24,235);
INSERT INTO JOGADOR (idJogador, nome, nacionalidade, idade, equipa) VALUES (1727,'Brent Joshua','Chile',22,235);
INSERT INTO JOGADOR (idJogador, nome, nacionalidade, idade, equipa) VALUES (1728,'Monte Kaleb','Venezuela',20,235);
INSERT INTO JOGADOR (idJogador, nome, nacionalidade, idade, equipa) VALUES (1729,'Cole Bill','Uruguai',24,235);
INSERT INTO JOGADOR (idJogador, nome, nacionalidade, idade, equipa) VALUES (1730,'Trevor Drew','Colombia',18,235);
INSERT INTO JOGADOR (idJogador, nome, nacionalidade, idade, equipa) VALUES (1731,'Marshal Mathew','Brasil',23,235);
INSERT INTO JOGADOR (idJogador, nome, nacionalidade, idade, equipa) VALUES (1732,'Jody Harley','Uruguai',17,235);
INSERT INTO JOGADOR (idJogador, nome, nacionalidade, idade, equipa) VALUES (1733,'Lamar Connor','Colombia',24,235);
INSERT INTO JOGADOR (idJogador, nome, nacionalidade, idade, equipa) VALUES (1734,'Lewis Stephen','Bolivia',25,235);
INSERT INTO JOGADOR (idJogador, nome, nacionalidade, idade, equipa) VALUES (1735,'Antoine Ricardo','Colombia',17,235);
INSERT INTO JOGADOR (idJogador, nome, nacionalidade, idade, equipa) VALUES (1736,'Wyatt Jarrod','Chile',24,236);
INSERT INTO JOGADOR (idJogador, nome, nacionalidade, idade, equipa) VALUES (1737,'Jason Milton','Chile',24,236);
INSERT INTO JOGADOR (idJogador, nome, nacionalidade, idade, equipa) VALUES (1738,'Perry Tom','Venezuela',25,236);
INSERT INTO JOGADOR (idJogador, nome, nacionalidade, idade, equipa) VALUES (1739,'August Billy','Paraguai',19,236);
INSERT INTO JOGADOR (idJogador, nome, nacionalidade, idade, equipa) VALUES (1740,'Devin Kaiden','Peru',25,236);
INSERT INTO JOGADOR (idJogador, nome, nacionalidade, idade, equipa) VALUES (1741,'Harley Jaxon','Uruguai',23,236);
INSERT INTO JOGADOR (idJogador, nome, nacionalidade, idade, equipa) VALUES (1742,'Ronnie Grayson','Paraguai',20,236);
INSERT INTO JOGADOR (idJogador, nome, nacionalidade, idade, equipa) VALUES (1743,'Conner Joseph','Peru',23,236);
INSERT INTO JOGADOR (idJogador, nome, nacionalidade, idade, equipa) VALUES (1744,'Javier Bennie','Venezuela',23,236);
INSERT INTO JOGADOR (idJogador, nome, nacionalidade, idade, equipa) VALUES (1745,'Edmund Jason','Argentina',24,236);
INSERT INTO JOGADOR (idJogador, nome, nacionalidade, idade, equipa) VALUES (1746,'Brandon Gregory','Brasil',21,236);
INSERT INTO JOGADOR (idJogador, nome, nacionalidade, idade, equipa) VALUES (1747,'Jaylen Daniel','Peru',18,236);
INSERT INTO JOGADOR (idJogador, nome, nacionalidade, idade, equipa) VALUES (1748,'Samuel Jaime','Argentina',22,236);
INSERT INTO JOGADOR (idJogador, nome, nacionalidade, idade, equipa) VALUES (1749,'Horace Hunter','Argentina',17,236);
INSERT INTO JOGADOR (idJogador, nome, nacionalidade, idade, equipa) VALUES (1750,'Diego Van','Peru',21,236);
INSERT INTO JOGADOR (idJogador, nome, nacionalidade, idade, equipa) VALUES (1751,'Otis Russell','Colombia',17,236);
INSERT INTO JOGADOR (idJogador, nome, nacionalidade, idade, equipa) VALUES (1752,'Wade Giovann','Venezuela',23,236);
INSERT INTO JOGADOR (idJogador, nome, nacionalidade, idade, equipa) VALUES (1753,'Fred Samuel','Brasil',18,236);
INSERT INTO JOGADOR (idJogador, nome, nacionalidade, idade, equipa) VALUES (1754,'Brody Moses','Colombia',17,236);
INSERT INTO JOGADOR (idJogador, nome, nacionalidade, idade, equipa) VALUES (1755,'Rex Dalton','Uruguai',20,236);
INSERT INTO JOGADOR (idJogador, nome, nacionalidade, idade, equipa) VALUES (1756,'Trenton Doug','Colombia',23,236);
INSERT INTO JOGADOR (idJogador, nome, nacionalidade, idade, equipa) VALUES (1757,'Derek Pedro','Colombia',23,237);
INSERT INTO JOGADOR (idJogador, nome, nacionalidade, idade, equipa) VALUES (1758,'Byron Cory','Paraguai',23,237);
INSERT INTO JOGADOR (idJogador, nome, nacionalidade, idade, equipa) VALUES (1759,'Willis Sebasti','Colombia',24,237);
INSERT INTO JOGADOR (idJogador, nome, nacionalidade, idade, equipa) VALUES (1760,'Elliott Ross','Argentina',20,237);
INSERT INTO JOGADOR (idJogador, nome, nacionalidade, idade, equipa) VALUES (1761,'Merle Kelvin','Colombia',21,237);
INSERT INTO JOGADOR (idJogador, nome, nacionalidade, idade, equipa) VALUES (1762,'Kody Hunter','Equador',22,237);
INSERT INTO JOGADOR (idJogador, nome, nacionalidade, idade, equipa) VALUES (1763,'Silas Israel','Argentina',16,237);
INSERT INTO JOGADOR (idJogador, nome, nacionalidade, idade, equipa) VALUES (1764,'Shawn Trenton','Venezuela',23,237);
INSERT INTO JOGADOR (idJogador, nome, nacionalidade, idade, equipa) VALUES (1765,'Clarenc Andy','Colombia',19,237);
INSERT INTO JOGADOR (idJogador, nome, nacionalidade, idade, equipa) VALUES (1766,'Sergio Clifton','Peru',23,237);
INSERT INTO JOGADOR (idJogador, nome, nacionalidade, idade, equipa) VALUES (1767,'Ryder Lorenzo','Brasil',20,237);
INSERT INTO JOGADOR (idJogador, nome, nacionalidade, idade, equipa) VALUES (1768,'Harriso Cliffor','Chile',21,237);
INSERT INTO JOGADOR (idJogador, nome, nacionalidade, idade, equipa) VALUES (1769,'Dick Myron','Uruguai',25,237);
INSERT INTO JOGADOR (idJogador, nome, nacionalidade, idade, equipa) VALUES (1770,'Jackson Allen','Uruguai',23,237);
INSERT INTO JOGADOR (idJogador, nome, nacionalidade, idade, equipa) VALUES (1771,'Kenneth Howard','Brasil',18,237);
INSERT INTO JOGADOR (idJogador, nome, nacionalidade, idade, equipa) VALUES (1772,'Julian Clark','Bolivia',18,237);
INSERT INTO JOGADOR (idJogador, nome, nacionalidade, idade, equipa) VALUES (1773,'Gerald Diego','Peru',23,237);
INSERT INTO JOGADOR (idJogador, nome, nacionalidade, idade, equipa) VALUES (1774,'Gilbert Glenn','Bolivia',19,237);
INSERT INTO JOGADOR (idJogador, nome, nacionalidade, idade, equipa) VALUES (1775,'Cory Jason','Argentina',21,237);
INSERT INTO JOGADOR (idJogador, nome, nacionalidade, idade, equipa) VALUES (1776,'Jaxson Steven','Chile',21,237);
INSERT INTO JOGADOR (idJogador, nome, nacionalidade, idade, equipa) VALUES (1777,'Preston Brady','Peru',19,237);
INSERT INTO JOGADOR (idJogador, nome, nacionalidade, idade, equipa) VALUES (1778,'James Joey','Bolivia',23,238);
INSERT INTO JOGADOR (idJogador, nome, nacionalidade, idade, equipa) VALUES (1779,'Wendell Ramon','Chile',18,238);
INSERT INTO JOGADOR (idJogador, nome, nacionalidade, idade, equipa) VALUES (1780,'Tracy Cliffor','Peru',16,238);
INSERT INTO JOGADOR (idJogador, nome, nacionalidade, idade, equipa) VALUES (1781,'Charlie Nick','Uruguai',16,238);
INSERT INTO JOGADOR (idJogador, nome, nacionalidade, idade, equipa) VALUES (1782,'Dan Gabriel','Paraguai',18,238);
INSERT INTO JOGADOR (idJogador, nome, nacionalidade, idade, equipa) VALUES (1783,'Kendric Ervin','Chile',17,238);
INSERT INTO JOGADOR (idJogador, nome, nacionalidade, idade, equipa) VALUES (1784,'Leland Demetri','Uruguai',24,238);
INSERT INTO JOGADOR (idJogador, nome, nacionalidade, idade, equipa) VALUES (1785,'Albert Shawn','Brasil',23,238);
INSERT INTO JOGADOR (idJogador, nome, nacionalidade, idade, equipa) VALUES (1786,'Terrenc Myron','Paraguai',20,238);
INSERT INTO JOGADOR (idJogador, nome, nacionalidade, idade, equipa) VALUES (1787,'Leroy Quincy','Argentina',20,238);
INSERT INTO JOGADOR (idJogador, nome, nacionalidade, idade, equipa) VALUES (1788,'Oscar Sylvest','Brasil',25,238);
INSERT INTO JOGADOR (idJogador, nome, nacionalidade, idade, equipa) VALUES (1789,'Dana Marquis','Colombia',24,238);
INSERT INTO JOGADOR (idJogador, nome, nacionalidade, idade, equipa) VALUES (1790,'Stephen Elmer','Peru',20,238);
INSERT INTO JOGADOR (idJogador, nome, nacionalidade, idade, equipa) VALUES (1791,'Timothy Axel','Colombia',21,238);
INSERT INTO JOGADOR (idJogador, nome, nacionalidade, idade, equipa) VALUES (1792,'Jess Brennan','Venezuela',17,238);
INSERT INTO JOGADOR (idJogador, nome, nacionalidade, idade, equipa) VALUES (1793,'Jaylen Tanner','Paraguai',16,238);
INSERT INTO JOGADOR (idJogador, nome, nacionalidade, idade, equipa) VALUES (1794,'Lance Allan','Bolivia',24,238);
INSERT INTO JOGADOR (idJogador, nome, nacionalidade, idade, equipa) VALUES (1795,'Lorenzo Earl','Venezuela',25,238);
INSERT INTO JOGADOR (idJogador, nome, nacionalidade, idade, equipa) VALUES (1796,'Emmanue Cade','Colombia',20,238);
INSERT INTO JOGADOR (idJogador, nome, nacionalidade, idade, equipa) VALUES (1797,'Edmond Shannon','Colombia',17,238);
INSERT INTO JOGADOR (idJogador, nome, nacionalidade, idade, equipa) VALUES (1798,'Dewayne Leland','Venezuela',23,238);

-- pr-el
INSERT INTO JOGO (idJogo, data, duracao, golosCasa, golosFora, fase, estadio, equipaCasa, equipaFora, vencedor, mvp) VALUES(3001, "26/01/2011", 90, 0, 2, "Pre Eliminatorias", 13, 213, 220, 220, 1409);
INSERT INTO JOGO (idJogo, data, duracao, golosCasa, golosFora, fase, estadio, equipaCasa, equipaFora, vencedor, mvp) VALUES(3002, "26/01/2011", 90, 0, 4, "Pre Eliminatorias", 29, 229, 238, 238, 1784);
INSERT INTO JOGO (idJogo, data, duracao, golosCasa, golosFora, fase, estadio, equipaCasa, equipaFora, vencedor, mvp) VALUES(3003, "27/01/2011", 90, 2, 1, "Pre Eliminatorias", 26, 226, 235, 226, 1532);
INSERT INTO JOGO (idJogo, data, duracao, golosCasa, golosFora, fase, estadio, equipaCasa, equipaFora, vencedor, mvp) VALUES(3004, "27/01/2011", 90, 0, 1, "Pre Eliminatorias", 08, 208, 217, 217, 1345);
INSERT INTO JOGO (idJogo, data, duracao, golosCasa, golosFora, fase, estadio, equipaCasa, equipaFora, vencedor, mvp) VALUES(3005, "25/01/2011", 90, 2, 1, "Pre Eliminatorias", 05, 205, 223, 205, 1100);
INSERT INTO JOGO (idJogo, data, duracao, golosCasa, golosFora, fase, estadio, equipaCasa, equipaFora, vencedor, mvp) VALUES(3006, "26/01/2011", 90, 3, 5, "Pre Eliminatorias", 32, 232, 214, 214, 1283);

-- grupo1
INSERT INTO JOGO (idJogo, data, duracao, golosCasa, golosFora, fase, estadio, equipaCasa, equipaFora, vencedor, mvp) VALUES(3007, "15/02/2011", 90, 1, 2, "Fase de Grupos", 37, 237, 224, 224, 1485);
INSERT INTO JOGO (idJogo, data, duracao, golosCasa, golosFora, fase, estadio, equipaCasa, equipaFora, vencedor, mvp) VALUES(3008, "16/02/2011", 90, 0, 3, "Fase de Grupos", 19, 219, 227, 227, 1555);
INSERT INTO JOGO (idJogo, data, duracao, golosCasa, golosFora, fase, estadio, equipaCasa, equipaFora, vencedor, mvp) VALUES(3009, "22/02/2011", 90, 2, 0, "Fase de Grupos", 27, 227, 237, 227, 1555);
INSERT INTO JOGO (idJogo, data, duracao, golosCasa, golosFora, fase, estadio, equipaCasa, equipaFora, vencedor, mvp) VALUES(3010, "22/02/2011", 90, 1, 1, "Fase de Grupos", 19, 219, 224, 000, 1394);
INSERT INTO JOGO (idJogo, data, duracao, golosCasa, golosFora, fase, estadio, equipaCasa, equipaFora, vencedor, mvp) VALUES(3011, "02/03/2011", 90, 1, 1, "Fase de Grupos", 37, 237, 219, 000, 1758);
INSERT INTO JOGO (idJogo, data, duracao, golosCasa, golosFora, fase, estadio, equipaCasa, equipaFora, vencedor, mvp) VALUES(3012, "08/03/2011", 90, 5, 1, "Fase de Grupos", 24, 224, 227, 224, 1498);
INSERT INTO JOGO (idJogo, data, duracao, golosCasa, golosFora, fase, estadio, equipaCasa, equipaFora, vencedor, mvp) VALUES(3013, "15/03/2011", 90, 0, 1, "Fase de Grupos", 27, 227, 224, 224, 1501);
INSERT INTO JOGO (idJogo, data, duracao, golosCasa, golosFora, fase, estadio, equipaCasa, equipaFora, vencedor, mvp) VALUES(3014, "15/03/2011", 90, 1, 1, "Fase de Grupos", 19, 219, 237, 000, 1380);
INSERT INTO JOGO (idJogo, data, duracao, golosCasa, golosFora, fase, estadio, equipaCasa, equipaFora, vencedor, mvp) VALUES(3015, "22/03/2011", 90, 2, 2, "Fase de Grupos", 24, 224, 219, 000, 1387);
INSERT INTO JOGO (idJogo, data, duracao, golosCasa, golosFora, fase, estadio, equipaCasa, equipaFora, vencedor, mvp) VALUES(3016, "22/03/2011", 90, 3, 1, "Fase de Grupos", 37, 237, 227, 237, 1770);
INSERT INTO JOGO (idJogo, data, duracao, golosCasa, golosFora, fase, estadio, equipaCasa, equipaFora, vencedor, mvp) VALUES(3017, "19/04/2011", 90, 2, 0, "Fase de Grupos", 24, 224, 237, 224, 1493);
INSERT INTO JOGO (idJogo, data, duracao, golosCasa, golosFora, fase, estadio, equipaCasa, equipaFora, vencedor, mvp) VALUES(3018, "19/04/2011", 90, 0, 2, "Fase de Grupos", 27, 227, 219, 219, 1380);

-- grupo2
INSERT INTO JOGO (idJogo, data, duracao, golosCasa, golosFora, fase, estadio, equipaCasa, equipaFora, vencedor, mvp) VALUES(3019, "17/02/2011", 90, 1, 2, "Fase de Grupos", 28, 228, 218, 218, 1361);
INSERT INTO JOGO (idJogo, data, duracao, golosCasa, golosFora, fase, estadio, equipaCasa, equipaFora, vencedor, mvp) VALUES(3020, "17/02/2011", 90, 3, 0, "Fase de Grupos", 14, 214, 207, 214, 1289);
INSERT INTO JOGO (idJogo, data, duracao, golosCasa, golosFora, fase, estadio, equipaCasa, equipaFora, vencedor, mvp) VALUES(3021, "23/02/2011", 90, 1, 0, "Fase de Grupos", 28, 228, 207, 228, 1570);
INSERT INTO JOGO (idJogo, data, duracao, golosCasa, golosFora, fase, estadio, equipaCasa, equipaFora, vencedor, mvp) VALUES(3022, "24/02/2011", 90, 2, 1, "Fase de Grupos", 18, 218, 214, 218, 1367);
INSERT INTO JOGO (idJogo, data, duracao, golosCasa, golosFora, fase, estadio, equipaCasa, equipaFora, vencedor, mvp) VALUES(3023, "03/03/2011", 90, 2, 0, "Fase de Grupos", 14, 214, 228, 214, 1288);
INSERT INTO JOGO (idJogo, data, duracao, golosCasa, golosFora, fase, estadio, equipaCasa, equipaFora, vencedor, mvp) VALUES(3024, "09/03/2011", 90, 1, 2, "Fase de Grupos", 07, 207, 218, 218, 1364);
INSERT INTO JOGO (idJogo, data, duracao, golosCasa, golosFora, fase, estadio, equipaCasa, equipaFora, vencedor, mvp) VALUES(3025, "17/03/2011", 90, 1, 1, "Fase de Grupos", 28, 228, 214, 000, 1275);
INSERT INTO JOGO (idJogo, data, duracao, golosCasa, golosFora, fase, estadio, equipaCasa, equipaFora, vencedor, mvp) VALUES(3026, "17/03/2011", 90, 2, 1, "Fase de Grupos", 12, 218, 207, 218, 1363);
INSERT INTO JOGO (idJogo, data, duracao, golosCasa, golosFora, fase, estadio, equipaCasa, equipaFora, vencedor, mvp) VALUES(3027, "24/03/2011", 90, 2, 0, "Fase de Grupos", 07, 207, 228, 207, 1129);
INSERT INTO JOGO (idJogo, data, duracao, golosCasa, golosFora, fase, estadio, equipaCasa, equipaFora, vencedor, mvp) VALUES(3028, "07/04/2011", 90, 2, 0, "Fase de Grupos", 14, 214, 218, 214, 1275);
INSERT INTO JOGO (idJogo, data, duracao, golosCasa, golosFora, fase, estadio, equipaCasa, equipaFora, vencedor, mvp) VALUES(3029, "14/04/2011", 90, 3, 0, "Fase de Grupos", 07, 207, 214, 207, 1143);
INSERT INTO JOGO (idJogo, data, duracao, golosCasa, golosFora, fase, estadio, equipaCasa, equipaFora, vencedor, mvp) VALUES(3030, "14/04/2011", 90, 1, 1, "Fase de Grupos", 18, 218, 228, 000, 1360);

-- grupo3
INSERT INTO JOGO (idJogo, data, duracao, golosCasa, golosFora, fase, estadio, equipaCasa, equipaFora, vencedor, mvp) VALUES(3031, "09/02/2011", 90, 2, 2, "Fase de Grupos", 11, 211, 201, 000, 1219);
INSERT INTO JOGO (idJogo, data, duracao, golosCasa, golosFora, fase, estadio, equipaCasa, equipaFora, vencedor, mvp) VALUES(3032, "15/02/2011", 90, 2, 0, "Fase de Grupos", 36, 236, 231, 236, 1740);
INSERT INTO JOGO (idJogo, data, duracao, golosCasa, golosFora, fase, estadio, equipaCasa, equipaFora, vencedor, mvp) VALUES(3033, "23/02/2011", 90, 0, 0, "Fase de Grupos", 11, 211, 231, 000, 1637);
INSERT INTO JOGO (idJogo, data, duracao, golosCasa, golosFora, fase, estadio, equipaCasa, equipaFora, vencedor, mvp) VALUES(3034, "24/02/2011", 90, 3, 1, "Fase de Grupos", 01, 201, 236, 201, 1005);
INSERT INTO JOGO (idJogo, data, duracao, golosCasa, golosFora, fase, estadio, equipaCasa, equipaFora, vencedor, mvp) VALUES(3035, "02/03/2011", 90, 0, 1, "Fase de Grupos", 31, 231, 201, 201, 1017);
INSERT INTO JOGO (idJogo, data, duracao, golosCasa, golosFora, fase, estadio, equipaCasa, equipaFora, vencedor, mvp) VALUES(3036, "02/03/2011", 90, 1, 0, "Fase de Grupos", 36, 236, 211, 236, 1750);
INSERT INTO JOGO (idJogo, data, duracao, golosCasa, golosFora, fase, estadio, equipaCasa, equipaFora, vencedor, mvp) VALUES(3037, "15/03/2011", 90, 0, 1, "Fase de Grupos", 01, 201, 231, 231, 1637);
INSERT INTO JOGO (idJogo, data, duracao, golosCasa, golosFora, fase, estadio, equipaCasa, equipaFora, vencedor, mvp) VALUES(3038, "23/03/2011", 90, 3, 2, "Fase de Grupos", 11, 211, 236, 211, 1215);
INSERT INTO JOGO (idJogo, data, duracao, golosCasa, golosFora, fase, estadio, equipaCasa, equipaFora, vencedor, mvp) VALUES(3039, "06/04/2011", 90, 2, 0, "Fase de Grupos", 31, 231, 211, 231, 1634);
INSERT INTO JOGO (idJogo, data, duracao, golosCasa, golosFora, fase, estadio, equipaCasa, equipaFora, vencedor, mvp) VALUES(3040, "06/04/2011", 90, 2, 1, "Fase de Grupos", 36, 236, 201, 236, 1740);
INSERT INTO JOGO (idJogo, data, duracao, golosCasa, golosFora, fase, estadio, equipaCasa, equipaFora, vencedor, mvp) VALUES(3041, "20/04/2011", 90, 0, 0, "Fase de Grupos", 31, 231, 236, 000, 1748);
INSERT INTO JOGO (idJogo, data, duracao, golosCasa, golosFora, fase, estadio, equipaCasa, equipaFora, vencedor, mvp) VALUES(3042, "20/04/2011", 90, 2, 4, "Fase de Grupos", 01, 201, 211, 211, 1229);

-- grupo4
INSERT INTO JOGO (idJogo, data, duracao, golosCasa, golosFora, fase, estadio, equipaCasa, equipaFora, vencedor, mvp) VALUES(3043, "15/02/2011", 90, 3, 0, "Fase de Grupos", 03, 203, 233, 203, 1047);
INSERT INTO JOGO (idJogo, data, duracao, golosCasa, golosFora, fase, estadio, equipaCasa, equipaFora, vencedor, mvp) VALUES(3044, "16/02/2011", 90, 2, 2, "Fase de Grupos", 17, 217, 215, 000, 1298);
INSERT INTO JOGO (idJogo, data, duracao, golosCasa, golosFora, fase, estadio, equipaCasa, equipaFora, vencedor, mvp) VALUES(3045, "03/03/2011", 90, 3, 4, "Fase de Grupos", 03, 203, 215, 215, 1300);
INSERT INTO JOGO (idJogo, data, duracao, golosCasa, golosFora, fase, estadio, equipaCasa, equipaFora, vencedor, mvp) VALUES(3046, "03/03/2011", 90, 2, 0, "Fase de Grupos", 33, 233, 217, 233, 1684);
INSERT INTO JOGO (idJogo, data, duracao, golosCasa, golosFora, fase, estadio, equipaCasa, equipaFora, vencedor, mvp) VALUES(3047, "09/03/2011", 90, 1, 3, "Fase de Grupos", 15, 215, 233, 233, 1687);
INSERT INTO JOGO (idJogo, data, duracao, golosCasa, golosFora, fase, estadio, equipaCasa, equipaFora, vencedor, mvp) VALUES(3048, "10/03/2011", 90, 2, 1, "Fase de Grupos", 17, 217, 203, 217, 1346);
INSERT INTO JOGO (idJogo, data, duracao, golosCasa, golosFora, fase, estadio, equipaCasa, equipaFora, vencedor, mvp) VALUES(3049, "22/03/2011", 90, 0, 2, "Fase de Grupos", 33, 233, 215, 215, 1312);
INSERT INTO JOGO (idJogo, data, duracao, golosCasa, golosFora, fase, estadio, equipaCasa, equipaFora, vencedor, mvp) VALUES(3050, "24/03/2011", 90, 2, 1, "Fase de Grupos", 03, 203, 217, 203, 1047);
INSERT INTO JOGO (idJogo, data, duracao, golosCasa, golosFora, fase, estadio, equipaCasa, equipaFora, vencedor, mvp) VALUES(3051, "06/04/2011", 90, 1, 2, "Fase de Grupos", 17, 217, 233, 233, 1690);
INSERT INTO JOGO (idJogo, data, duracao, golosCasa, golosFora, fase, estadio, equipaCasa, equipaFora, vencedor, mvp) VALUES(3052, "07/04/2011", 90, 0, 0, "Fase de Grupos", 15, 215, 203, 000, 1044);
INSERT INTO JOGO (idJogo, data, duracao, golosCasa, golosFora, fase, estadio, equipaCasa, equipaFora, vencedor, mvp) VALUES(3053, "14/04/2011", 90, 2, 1, "Fase de Grupos", 15, 215, 217, 215, 1301);
INSERT INTO JOGO (idJogo, data, duracao, golosCasa, golosFora, fase, estadio, equipaCasa, equipaFora, vencedor, mvp) VALUES(3054, "14/04/2011", 90, 0, 3, "Fase de Grupos", 33, 233, 203, 203, 1055);

-- grupo5
INSERT INTO JOGO (idJogo, data, duracao, golosCasa, golosFora, fase, estadio, equipaCasa, equipaFora, vencedor, mvp) VALUES(3055, "15/02/2011", 90, 0, 0, "Fase de Grupos", 34, 234, 210, 000, 1194);
INSERT INTO JOGO (idJogo, data, duracao, golosCasa, golosFora, fase, estadio, equipaCasa, equipaFora, vencedor, mvp) VALUES(3056, "17/02/2011", 90, 5, 2, "Fase de Grupos", 26, 226, 216, 226, 1530);
INSERT INTO JOGO (idJogo, data, duracao, golosCasa, golosFora, fase, estadio, equipaCasa, equipaFora, vencedor, mvp) VALUES(3057, "01/03/2011", 90, 2, 4, "Fase de Grupos", 34, 234, 216, 216, 1321);
INSERT INTO JOGO (idJogo, data, duracao, golosCasa, golosFora, fase, estadio, equipaCasa, equipaFora, vencedor, mvp) VALUES(3058, "02/03/2011", 90, 1, 1, "Fase de Grupos", 10, 210, 226, 000, 1200);
INSERT INTO JOGO (idJogo, data, duracao, golosCasa, golosFora, fase, estadio, equipaCasa, equipaFora, vencedor, mvp) VALUES(3059, "10/03/2011", 90, 1, 1, "Fase de Grupos", 26, 226, 234, 000, 1698);
INSERT INTO JOGO (idJogo, data, duracao, golosCasa, golosFora, fase, estadio, equipaCasa, equipaFora, vencedor, mvp) VALUES(3060, "16/03/2011", 90, 3, 2, "Fase de Grupos", 16, 216, 210, 216, 1205);
INSERT INTO JOGO (idJogo, data, duracao, golosCasa, golosFora, fase, estadio, equipaCasa, equipaFora, vencedor, mvp) VALUES(3061, "06/04/2011", 90, 0, 2, "Fase de Grupos", 34, 234, 226, 226, 1528);
INSERT INTO JOGO (idJogo, data, duracao, golosCasa, golosFora, fase, estadio, equipaCasa, equipaFora, vencedor, mvp) VALUES(3062, "06/04/2011", 90, 3, 2, "Fase de Grupos", 10, 210, 216, 210, 1205);
INSERT INTO JOGO (idJogo, data, duracao, golosCasa, golosFora, fase, estadio, equipaCasa, equipaFora, vencedor, mvp) VALUES(3063, "12/04/2011", 90, 2, 1, "Fase de Grupos", 16, 216, 234, 216, 1333);
INSERT INTO JOGO (idJogo, data, duracao, golosCasa, golosFora, fase, estadio, equipaCasa, equipaFora, vencedor, mvp) VALUES(3064, "14/04/2011", 90, 1, 2, "Fase de Grupos", 26, 226, 210, 210, 1205);
INSERT INTO JOGO (idJogo, data, duracao, golosCasa, golosFora, fase, estadio, equipaCasa, equipaFora, vencedor, mvp) VALUES(3065, "20/04/2011", 90, 3, 1, "Fase de Grupos", 10, 210, 234, 210, 1205);
INSERT INTO JOGO (idJogo, data, duracao, golosCasa, golosFora, fase, estadio, equipaCasa, equipaFora, vencedor, mvp) VALUES(3066, "20/04/2011", 90, 2, 3, "Fase de Grupos", 16, 216, 226, 226, 1531);

-- grupo6
INSERT INTO JOGO (idJogo, data, duracao, golosCasa, golosFora, fase, estadio, equipaCasa, equipaFora, vencedor, mvp) VALUES(3067, "16/02/2011", 90, 1, 1, "Fase de Grupos", 22, 222, 209, 000, 1175);
INSERT INTO JOGO (idJogo, data, duracao, golosCasa, golosFora, fase, estadio, equipaCasa, equipaFora, vencedor, mvp) VALUES(3068, "16/02/2011", 90, 2, 0, "Fase de Grupos", 38, 238, 206, 238, 1790);
INSERT INTO JOGO (idJogo, data, duracao, golosCasa, golosFora, fase, estadio, equipaCasa, equipaFora, vencedor, mvp) VALUES(3069, "22/02/2011", 90, 1, 0, "Fase de Grupos", 22, 222, 206, 222, 1453);
INSERT INTO JOGO (idJogo, data, duracao, golosCasa, golosFora, fase, estadio, equipaCasa, equipaFora, vencedor, mvp) VALUES(3070, "23/02/2011", 90, 4, 0, "Fase de Grupos", 09, 209, 238, 209, 1169);
INSERT INTO JOGO (idJogo, data, duracao, golosCasa, golosFora, fase, estadio, equipaCasa, equipaFora, vencedor, mvp) VALUES(3071, "08/03/2011", 90, 2, 1, "Fase de Grupos", 38, 238, 222, 238, 1784);
INSERT INTO JOGO (idJogo, data, duracao, golosCasa, golosFora, fase, estadio, equipaCasa, equipaFora, vencedor, mvp) VALUES(3072, "16/03/2011", 90, 1, 4, "Fase de Grupos", 06, 206, 209, 209, 1183);
INSERT INTO JOGO (idJogo, data, duracao, golosCasa, golosFora, fase, estadio, equipaCasa, equipaFora, vencedor, mvp) VALUES(3073, "16/03/2011", 90, 1, 0, "Fase de Grupos", 22, 222, 238, 222, 1450);
INSERT INTO JOGO (idJogo, data, duracao, golosCasa, golosFora, fase, estadio, equipaCasa, equipaFora, vencedor, mvp) VALUES(3074, "30/03/2011", 90, 3, 0, "Fase de Grupos", 09, 209, 206, 209, 1184);
INSERT INTO JOGO (idJogo, data, duracao, golosCasa, golosFora, fase, estadio, equipaCasa, equipaFora, vencedor, mvp) VALUES(3075, "06/03/2011", 90, 1, 0, "Fase de Grupos", 38, 238, 209, 238, 1798);
INSERT INTO JOGO (idJogo, data, duracao, golosCasa, golosFora, fase, estadio, equipaCasa, equipaFora, vencedor, mvp) VALUES(3076, "07/04/2011", 90, 0, 0, "Fase de Grupos", 06, 206, 222, 000, 1457);
INSERT INTO JOGO (idJogo, data, duracao, golosCasa, golosFora, fase, estadio, equipaCasa, equipaFora, vencedor, mvp) VALUES(3077, "19/04/2011", 90, 2, 1, "Fase de Grupos", 06, 206, 238, 206, 1110);
INSERT INTO JOGO (idJogo, data, duracao, golosCasa, golosFora, fase, estadio, equipaCasa, equipaFora, vencedor, mvp) VALUES(3078, "19/04/2011", 90, 2, 0, "Fase de Grupos", 09, 209, 222, 209, 1173);

-- grupo7
INSERT INTO JOGO (idJogo, data, duracao, golosCasa, golosFora, fase, estadio, equipaCasa, equipaFora, vencedor, mvp) VALUES(3079, "15/02/2011", 90, 1, 0, "Fase de Grupos", 20, 220, 225, 220, 1415);
INSERT INTO JOGO (idJogo, data, duracao, golosCasa, golosFora, fase, estadio, equipaCasa, equipaFora, vencedor, mvp) VALUES(3080, "16/02/2011", 90, 5, 0, "Fase de Grupos", 12, 212, 202, 212, 1234);
INSERT INTO JOGO (idJogo, data, duracao, golosCasa, golosFora, fase, estadio, equipaCasa, equipaFora, vencedor, mvp) VALUES(3081, "22/02/2011", 90, 4, 0, "Fase de Grupos", 12, 212, 225, 212, 1237);
INSERT INTO JOGO (idJogo, data, duracao, golosCasa, golosFora, fase, estadio, equipaCasa, equipaFora, vencedor, mvp) VALUES(3082, "23/02/2011", 90, 1, 0, "Fase de Grupos", 02, 202, 220, 202, 1029);
INSERT INTO JOGO (idJogo, data, duracao, golosCasa, golosFora, fase, estadio, equipaCasa, equipaFora, vencedor, mvp) VALUES(3083, "02/03/2011", 90, 0, 0, "Fase de Grupos", 20, 220, 212, 000, 1418);
INSERT INTO JOGO (idJogo, data, duracao, golosCasa, golosFora, fase, estadio, equipaCasa, equipaFora, vencedor, mvp) VALUES(3084, "09/03/2011", 90, 1, 2, "Fase de Grupos", 25, 225, 202, 202, 1033);
INSERT INTO JOGO (idJogo, data, duracao, golosCasa, golosFora, fase, estadio, equipaCasa, equipaFora, vencedor, mvp) VALUES(3085, "16/03/2011", 90, 6, 1, "Fase de Grupos", 12, 212, 220, 212, 1250);
INSERT INTO JOGO (idJogo, data, duracao, golosCasa, golosFora, fase, estadio, equipaCasa, equipaFora, vencedor, mvp) VALUES(3086, "17/03/2011", 90, 5, 1, "Fase de Grupos", 02, 202, 225, 202, 1038);
INSERT INTO JOGO (idJogo, data, duracao, golosCasa, golosFora, fase, estadio, equipaCasa, equipaFora, vencedor, mvp) VALUES(3087, "30/03/2011", 90, 1, 1, "Fase de Grupos", 20, 220, 202, 000, 1403);
INSERT INTO JOGO (idJogo, data, duracao, golosCasa, golosFora, fase, estadio, equipaCasa, equipaFora, vencedor, mvp) VALUES(3088, "30/03/2011", 90, 0, 2, "Fase de Grupos", 25, 225, 212, 212, 1245);
INSERT INTO JOGO (idJogo, data, duracao, golosCasa, golosFora, fase, estadio, equipaCasa, equipaFora, vencedor, mvp) VALUES(3089, "13/04/2011", 90, 0, 3, "Fase de Grupos", 02, 202, 212, 212, 1245);
INSERT INTO JOGO (idJogo, data, duracao, golosCasa, golosFora, fase, estadio, equipaCasa, equipaFora, vencedor, mvp) VALUES(3090, "13/04/2011", 90, 0, 2, "Fase de Grupos", 25, 225, 220, 220, 1407);

-- grupo8
INSERT INTO JOGO (idJogo, data, duracao, golosCasa, golosFora, fase, estadio, equipaCasa, equipaFora, vencedor, mvp) VALUES(3091, "17/02/2011", 90, 2, 1, "Fase de Grupos", 04, 204, 221, 204, 1066);
INSERT INTO JOGO (idJogo, data, duracao, golosCasa, golosFora, fase, estadio, equipaCasa, equipaFora, vencedor, mvp) VALUES(3092, "24/02/2011", 90, 3, 0, "Fase de Grupos", 05, 205, 230, 205, 1101);
INSERT INTO JOGO (idJogo, data, duracao, golosCasa, golosFora, fase, estadio, equipaCasa, equipaFora, vencedor, mvp) VALUES(3093, "01/03/2011", 90, 1, 3, "Fase de Grupos", 04, 204, 230, 230, 1617);
INSERT INTO JOGO (idJogo, data, duracao, golosCasa, golosFora, fase, estadio, equipaCasa, equipaFora, vencedor, mvp) VALUES(3094, "03/03/2011", 90, 3, 0, "Fase de Grupos", 21, 221, 205, 221, 1428);
INSERT INTO JOGO (idJogo, data, duracao, golosCasa, golosFora, fase, estadio, equipaCasa, equipaFora, vencedor, mvp) VALUES(3095, "09/03/2011", 90, 1, 0, "Fase de Grupos", 30, 230, 221, 230, 1628);
INSERT INTO JOGO (idJogo, data, duracao, golosCasa, golosFora, fase, estadio, equipaCasa, equipaFora, vencedor, mvp) VALUES(3096, "10/03/2011", 90, 1, 3, "Fase de Grupos", 05, 205, 204, 204, 1078);
INSERT INTO JOGO (idJogo, data, duracao, golosCasa, golosFora, fase, estadio, equipaCasa, equipaFora, vencedor, mvp) VALUES(3097, "17/03/2011", 90, 5, 0, "Fase de Grupos", 21, 221, 230, 221, 1427);
INSERT INTO JOGO (idJogo, data, duracao, golosCasa, golosFora, fase, estadio, equipaCasa, equipaFora, vencedor, mvp) VALUES(3098, "23/03/2011", 90, 1, 1, "Fase de Grupos", 04, 204, 205, 000, 1086);
INSERT INTO JOGO (idJogo, data, duracao, golosCasa, golosFora, fase, estadio, equipaCasa, equipaFora, vencedor, mvp) VALUES(3099, "31/03/2011", 90, 2, 1, "Fase de Grupos", 30, 230, 204, 230, 1614);
INSERT INTO JOGO (idJogo, data, duracao, golosCasa, golosFora, fase, estadio, equipaCasa, equipaFora, vencedor, mvp) VALUES(3100, "05/04/2011", 90, 1, 1, "Fase de Grupos", 05, 205, 221, 000, 1087);
INSERT INTO JOGO (idJogo, data, duracao, golosCasa, golosFora, fase, estadio, equipaCasa, equipaFora, vencedor, mvp) VALUES(3101, "12/04/2011", 90, 0, 1, "Fase de Grupos", 30, 230, 205, 205, 1087);
INSERT INTO JOGO (idJogo, data, duracao, golosCasa, golosFora, fase, estadio, equipaCasa, equipaFora, vencedor, mvp) VALUES(3102, "12/04/2011", 90, 2, 0, "Fase de Grupos", 21, 221, 204, 221, 1430);

-- oitavos
INSERT INTO JOGO (idJogo, data, duracao, golosCasa, golosFora, fase, estadio, equipaCasa, equipaFora, vencedor, mvp) VALUES(3103, "27/04/2011", 90, 2, 3, "Oitavos de final", 12, 212, 219, 219, 1384);
INSERT INTO JOGO (idJogo, data, duracao, golosCasa, golosFora, fase, estadio, equipaCasa, equipaFora, vencedor, mvp) VALUES(3104, "28/04/2011", 90, 4, 3, "Oitavos de final", 24, 224, 211, 224, 1500);
INSERT INTO JOGO (idJogo, data, duracao, golosCasa, golosFora, fase, estadio, equipaCasa, equipaFora, vencedor, mvp) VALUES(3105, "28/04/2011", 90, 2, 3, "Oitavos de final", 09, 209, 230, 230, 1617);
INSERT INTO JOGO (idJogo, data, duracao, golosCasa, golosFora, fase, estadio, equipaCasa, equipaFora, vencedor, mvp) VALUES(3106, "27/04/2011", 90, 4, 5, "Oitavos de final", 18, 218, 238, 238, 1785);
INSERT INTO JOGO (idJogo, data, duracao, golosCasa, golosFora, fase, estadio, equipaCasa, equipaFora, vencedor, mvp) VALUES(3107, "27/04/2011", 90, 1, 0, "Oitavos de final", 26, 226, 202, 226, 1542);
INSERT INTO JOGO (idJogo, data, duracao, golosCasa, golosFora, fase, estadio, equipaCasa, equipaFora, vencedor, mvp) VALUES(3108, "26/04/2011", 90, 3, 1, "Oitavos de final", 15, 215, 214, 215, 1313);
INSERT INTO JOGO (idJogo, data, duracao, golosCasa, golosFora, fase, estadio, equipaCasa, equipaFora, vencedor, mvp) VALUES(3109, "26/04/2011", 90, 0, 5, "Oitavos de final", 21, 221, 203, 203, 1037);
INSERT INTO JOGO (idJogo, data, duracao, golosCasa, golosFora, fase, estadio, equipaCasa, equipaFora, vencedor, mvp) VALUES(3110, "27/04/2011", 90, 0, 1, "Oitavos de final", 36, 236, 210, 210, 1205);

-- quartos
INSERT INTO JOGO (idJogo, data, duracao, golosCasa, golosFora, fase, estadio, equipaCasa, equipaFora, vencedor, mvp) VALUES(3111, "11/05/2011", 90, 1, 2, "Quartos de final", 19, 219, 210, 210, 1208);
INSERT INTO JOGO (idJogo, data, duracao, golosCasa, golosFora, fase, estadio, equipaCasa, equipaFora, vencedor, mvp) VALUES(3112, "12/05/2011", 90, 2, 7, "Quartos de final", 24, 224, 203, 203, 1037);
INSERT INTO JOGO (idJogo, data, duracao, golosCasa, golosFora, fase, estadio, equipaCasa, equipaFora, vencedor, mvp) VALUES(3113, "11/05/2011", 90, 3, 2, "Quartos de final", 30, 230, 215, 230, 1622);
INSERT INTO JOGO (idJogo, data, duracao, golosCasa, golosFora, fase, estadio, equipaCasa, equipaFora, vencedor, mvp) VALUES(3114, "12/05/2011", 90, 1, 2, "Quartos de final", 38, 238, 226, 226, 1042);

-- meias
INSERT INTO JOGO (idJogo, data, duracao, golosCasa, golosFora, fase, estadio, equipaCasa, equipaFora, vencedor, mvp) VALUES(3115, "25/05/2011", 90, 4, 3, "Meia final", 10, 210, 226, 210, 1205);
INSERT INTO JOGO (idJogo, data, duracao, golosCasa, golosFora, fase, estadio, equipaCasa, equipaFora, vencedor, mvp) VALUES(3116, "26/05/2011", 90, 2, 3, "Meia final", 03, 203, 230, 230, 1617);

-- final
INSERT INTO JOGO (idJogo, data, duracao, golosCasa, golosFora, fase, estadio, equipaCasa, equipaFora, vencedor, mvp) VALUES(3117, "15/06/2011", 90, 2, 1, "Final", 10, 210, 230, 210, 1205);

INSERT INTO DESEMPENHO (idDesempenho, jogos, vitorias, empates, derrotas, equipa) VALUES (301, 6, 2, 1, 3, 201);
INSERT INTO DESEMPENHO (idDesempenho, jogos, vitorias, empates, derrotas, equipa) VALUES (302, 7, 3, 1, 3, 202);
INSERT INTO DESEMPENHO (idDesempenho, jogos, vitorias, empates, derrotas, equipa) VALUES (303, 9, 5, 1, 3, 203);
INSERT INTO DESEMPENHO (idDesempenho, jogos, vitorias, empates, derrotas, equipa) VALUES (304, 6, 2, 1, 3, 204);
INSERT INTO DESEMPENHO (idDesempenho, jogos, vitorias, empates, derrotas, equipa) VALUES (305, 7, 3, 2, 2, 205);
INSERT INTO DESEMPENHO (idDesempenho, jogos, vitorias, empates, derrotas, equipa) VALUES (306, 6, 1, 1, 4, 206);
INSERT INTO DESEMPENHO (idDesempenho, jogos, vitorias, empates, derrotas, equipa) VALUES (307, 6, 2, 0, 4, 207);
INSERT INTO DESEMPENHO (idDesempenho, jogos, vitorias, empates, derrotas, equipa) VALUES (308, 1, 0, 0, 1, 208);
INSERT INTO DESEMPENHO (idDesempenho, jogos, vitorias, empates, derrotas, equipa) VALUES (309, 7, 4, 1, 2, 209);
INSERT INTO DESEMPENHO (idDesempenho, jogos, vitorias, empates, derrotas, equipa) VALUES (310, 10, 7, 2, 1, 210);
INSERT INTO DESEMPENHO (idDesempenho, jogos, vitorias, empates, derrotas, equipa) VALUES (311, 7, 2, 2, 3, 211);
INSERT INTO DESEMPENHO (idDesempenho, jogos, vitorias, empates, derrotas, equipa) VALUES (312, 7, 5, 1, 1, 212);
INSERT INTO DESEMPENHO (idDesempenho, jogos, vitorias, empates, derrotas, equipa) VALUES (313, 1, 0, 0, 1, 213);
INSERT INTO DESEMPENHO (idDesempenho, jogos, vitorias, empates, derrotas, equipa) VALUES (314, 8, 4, 1, 3, 214);
INSERT INTO DESEMPENHO (idDesempenho, jogos, vitorias, empates, derrotas, equipa) VALUES (315, 8, 4, 2, 2, 215);
INSERT INTO DESEMPENHO (idDesempenho, jogos, vitorias, empates, derrotas, equipa) VALUES (316, 6, 3, 0, 3, 216);
INSERT INTO DESEMPENHO (idDesempenho, jogos, vitorias, empates, derrotas, equipa) VALUES (317, 7, 2, 1, 4, 217);
INSERT INTO DESEMPENHO (idDesempenho, jogos, vitorias, empates, derrotas, equipa) VALUES (318, 7, 4, 1, 2, 218);
INSERT INTO DESEMPENHO (idDesempenho, jogos, vitorias, empates, derrotas, equipa) VALUES (319, 8, 2, 4, 2, 219);
INSERT INTO DESEMPENHO (idDesempenho, jogos, vitorias, empates, derrotas, equipa) VALUES (320, 7, 3, 2, 2, 220);
INSERT INTO DESEMPENHO (idDesempenho, jogos, vitorias, empates, derrotas, equipa) VALUES (321, 7, 3, 1, 3, 221);
INSERT INTO DESEMPENHO (idDesempenho, jogos, vitorias, empates, derrotas, equipa) VALUES (322, 6, 2, 2, 2, 222);
INSERT INTO DESEMPENHO (idDesempenho, jogos, vitorias, empates, derrotas, equipa) VALUES (323, 1, 0, 0, 1, 223);
INSERT INTO DESEMPENHO (idDesempenho, jogos, vitorias, empates, derrotas, equipa) VALUES (324, 8, 5, 2, 1, 224);
INSERT INTO DESEMPENHO (idDesempenho, jogos, vitorias, empates, derrotas, equipa) VALUES (325, 6, 0, 0, 6, 225);
INSERT INTO DESEMPENHO (idDesempenho, jogos, vitorias, empates, derrotas, equipa) VALUES (326, 10, 6, 2, 2, 226);
INSERT INTO DESEMPENHO (idDesempenho, jogos, vitorias, empates, derrotas, equipa) VALUES (327, 6, 2, 0, 4, 227);
INSERT INTO DESEMPENHO (idDesempenho, jogos, vitorias, empates, derrotas, equipa) VALUES (328, 6, 1, 2, 3, 228);
INSERT INTO DESEMPENHO (idDesempenho, jogos, vitorias, empates, derrotas, equipa) VALUES (329, 1, 0, 0, 1, 229);
INSERT INTO DESEMPENHO (idDesempenho, jogos, vitorias, empates, derrotas, equipa) VALUES (330, 10, 6, 0, 4, 230);
INSERT INTO DESEMPENHO (idDesempenho, jogos, vitorias, empates, derrotas, equipa) VALUES (331, 6, 2, 2, 2, 231);
INSERT INTO DESEMPENHO (idDesempenho, jogos, vitorias, empates, derrotas, equipa) VALUES (332, 1, 0, 0, 1, 232);
INSERT INTO DESEMPENHO (idDesempenho, jogos, vitorias, empates, derrotas, equipa) VALUES (333, 6, 3, 0, 3, 233);
INSERT INTO DESEMPENHO (idDesempenho, jogos, vitorias, empates, derrotas, equipa) VALUES (334, 6, 0, 2, 4, 234);
INSERT INTO DESEMPENHO (idDesempenho, jogos, vitorias, empates, derrotas, equipa) VALUES (335, 1, 0, 0, 1, 235);
INSERT INTO DESEMPENHO (idDesempenho, jogos, vitorias, empates, derrotas, equipa) VALUES (336, 7, 3, 1, 3, 236);
INSERT INTO DESEMPENHO (idDesempenho, jogos, vitorias, empates, derrotas, equipa) VALUES (337, 6, 1, 2, 3, 237);
INSERT INTO DESEMPENHO (idDesempenho, jogos, vitorias, empates, derrotas, equipa) VALUES (338, 8, 4, 0, 4, 238);

INSERT INTO GRUPOEQUIPA (nome, equipa, pontos) VALUES ("Grupo 1", 224, 14);
INSERT INTO GRUPOEQUIPA (nome, equipa, pontos) VALUES ("Grupo 1", 219, 7);
INSERT INTO GRUPOEQUIPA (nome, equipa, pontos) VALUES ("Grupo 1", 227, 6);
INSERT INTO GRUPOEQUIPA (nome, equipa, pontos) VALUES ("Grupo 1", 237, 5);
INSERT INTO GRUPOEQUIPA (nome, equipa, pontos) VALUES ("Grupo 2", 218, 13);
INSERT INTO GRUPOEQUIPA (nome, equipa, pontos) VALUES ("Grupo 2", 214, 10);
INSERT INTO GRUPOEQUIPA (nome, equipa, pontos) VALUES ("Grupo 2", 207, 6);
INSERT INTO GRUPOEQUIPA (nome, equipa, pontos) VALUES ("Grupo 2", 228, 5);
INSERT INTO GRUPOEQUIPA (nome, equipa, pontos) VALUES ("Grupo 3", 236, 10);
INSERT INTO GRUPOEQUIPA (nome, equipa, pontos) VALUES ("Grupo 3", 211, 8);
INSERT INTO GRUPOEQUIPA (nome, equipa, pontos) VALUES ("Grupo 3", 231, 8);
INSERT INTO GRUPOEQUIPA (nome, equipa, pontos) VALUES ("Grupo 3", 201, 7);
INSERT INTO GRUPOEQUIPA (nome, equipa, pontos) VALUES ("Grupo 4", 215, 11);
INSERT INTO GRUPOEQUIPA (nome, equipa, pontos) VALUES ("Grupo 4", 203, 10);
INSERT INTO GRUPOEQUIPA (nome, equipa, pontos) VALUES ("Grupo 4", 233, 9);
INSERT INTO GRUPOEQUIPA (nome, equipa, pontos) VALUES ("Grupo 4", 217, 4);
INSERT INTO GRUPOEQUIPA (nome, equipa, pontos) VALUES ("Grupo 5", 226, 11);
INSERT INTO GRUPOEQUIPA (nome, equipa, pontos) VALUES ("Grupo 5", 210, 11);
INSERT INTO GRUPOEQUIPA (nome, equipa, pontos) VALUES ("Grupo 5", 216, 9);
INSERT INTO GRUPOEQUIPA (nome, equipa, pontos) VALUES ("Grupo 5", 234, 2);
INSERT INTO GRUPOEQUIPA (nome, equipa, pontos) VALUES ("Grupo 6", 209, 13);
INSERT INTO GRUPOEQUIPA (nome, equipa, pontos) VALUES ("Grupo 6", 238, 9);
INSERT INTO GRUPOEQUIPA (nome, equipa, pontos) VALUES ("Grupo 6", 222, 8);
INSERT INTO GRUPOEQUIPA (nome, equipa, pontos) VALUES ("Grupo 6", 206, 4);
INSERT INTO GRUPOEQUIPA (nome, equipa, pontos) VALUES ("Grupo 7", 212, 16);
INSERT INTO GRUPOEQUIPA (nome, equipa, pontos) VALUES ("Grupo 7", 202, 10);
INSERT INTO GRUPOEQUIPA (nome, equipa, pontos) VALUES ("Grupo 7", 220, 8);
INSERT INTO GRUPOEQUIPA (nome, equipa, pontos) VALUES ("Grupo 7", 225, 0);
INSERT INTO GRUPOEQUIPA (nome, equipa, pontos) VALUES ("Grupo 8", 221, 10);
INSERT INTO GRUPOEQUIPA (nome, equipa, pontos) VALUES ("Grupo 8", 230, 9);
INSERT INTO GRUPOEQUIPA (nome, equipa, pontos) VALUES ("Grupo 8", 205, 8);
INSERT INTO GRUPOEQUIPA (nome, equipa, pontos) VALUES ("Grupo 8", 204, 7);


COMMIT TRANSACTION;
PRAGMA foreign_keys = on;